past_avg_score,attendance_percent,score_trend,study_hours_per_week,next_score,at_risk
65.54,62.61,-6.68,7.87,47.32,0
62.68,62.31,-3.79,5.99,45.14,0
74.86,62.79,-5.65,7.31,49.43,0
91.63,77.8,-3.29,10.86,66.15,0
50.55,40.32,-1.28,13.11,52.36,0
66.23,65.6,5.02,10.28,47.91,0
67.05,82.1,-1.93,8.41,72.76,0
71.47,63.75,-9.51,13.99,49.58,0
54.05,68.48,6.84,6.75,45.93,0
78.21,82.45,-5.02,12.12,62.75,0
58.23,41.34,-0.35,6.85,47.61,0
46.77,51.46,2.68,9.72,51.56,0
60.75,58.81,1.2,7.55,44.48,0
37.89,34.13,6.57,7.78,29.61,1
38.49,57.34,2.87,6.49,41.31,0
51.93,57.27,-5.17,13.38,44.24,0
45.96,51.69,13.07,5.07,39.35,1
75.28,44.75,1.17,5.04,52.14,0
47.24,63.59,-0.88,16.48,41.19,0
43.11,35.8,5.78,11.91,48.49,0
100.0,81.61,1.5,0.0,74.18,0
50.22,66.46,2.4,5.74,53.72,0
51.2,82.54,14.95,0.75,68.68,0
49.9,34.83,-1.65,4.2,31.79,1
51.41,30.0,-1.91,0.0,40.9,0
64.12,68.87,0.7,7.45,61.89,0
41.49,75.02,6.43,3.43,46.98,0
68.56,84.31,-9.04,8.24,52.13,0
68.78,61.71,-11.79,1.5,27.46,1
67.04,56.54,-3.52,8.33,44.89,0
62.87,68.87,-9.8,6.34,46.5,0
81.45,73.27,-2.55,14.01,74.29,0
55.59,71.07,3.01,13.65,58.48,0
26.42,60.46,-5.34,11.14,36.54,1
70.86,86.86,-8.56,6.69,45.77,0
54.34,85.8,0.42,15.94,44.86,0
72.27,72.4,5.18,1.79,53.25,0
33.83,38.82,-10.17,2.39,21.1,1
44.9,51.25,4.92,7.66,43.51,0
62.44,46.34,4.9,17.02,66.11,0
77.72,64.92,5.72,7.19,60.59,0
73.7,62.39,7.31,7.27,54.18,0
50.34,58.0,13.21,2.23,52.12,0
62.88,64.17,-2.14,11.78,49.31,0
50.28,40.11,0.66,11.81,30.48,1
50.88,71.39,-2.5,11.16,46.91,0
63.7,60.67,0.01,5.48,48.44,0
100.0,76.49,9.2,5.17,67.18,0
69.32,65.17,-8.07,2.83,51.18,0
41.7,48.85,-5.17,8.34,33.49,1
63.96,78.8,8.26,3.68,48.79,0
60.67,51.05,6.12,3.29,50.65,0
58.53,50.49,-2.18,6.31,37.04,1
75.73,68.28,5.13,6.04,52.25,0
72.31,60.18,2.05,5.85,52.44,0
80.62,65.45,9.0,9.87,66.58,0
64.11,50.97,0.45,8.32,40.4,0
63.95,72.75,6.15,6.85,42.79,0
77.66,72.13,15.85,8.73,66.32,0
77.74,78.07,3.59,4.03,53.78,0
63.81,70.68,0.3,8.42,49.45,0
64.45,61.9,4.33,8.6,52.78,0
40.8,58.57,-2.19,1.99,43.15,0
49.61,51.7,14.33,11.98,57.67,0
69.25,77.22,1.08,4.47,51.59,0
80.28,72.75,-1.64,8.36,62.86,0
65.43,35.48,-5.01,12.66,41.88,0
82.43,74.43,6.58,11.7,68.32,0
60.91,86.37,5.2,8.14,62.34,0
63.76,69.84,-2.98,6.55,42.75,0
75.0,80.88,3.46,11.79,57.53,0
82.43,96.48,-9.05,10.7,59.72,0
52.16,66.19,1.11,5.53,56.83,0
87.31,84.3,2.72,4.82,71.08,0
22.14,30.58,10.24,0.0,30.88,1
78.23,70.34,-4.62,8.62,55.01,0
63.4,73.8,-7.67,7.67,45.75,0
44.46,76.81,-5.37,12.54,43.25,0
63.27,64.79,-8.02,9.44,50.44,0
32.74,39.23,8.02,13.34,28.97,1
66.77,63.2,9.29,5.21,63.88,0
64.77,76.46,1.92,12.55,50.87,0
100.0,63.69,7.33,5.88,67.75,0
41.93,32.5,0.8,11.11,51.11,0
63.36,50.4,-0.57,2.16,43.12,0
55.68,45.58,-2.0,8.94,43.46,0
85.61,69.01,-1.86,0.06,50.38,0
70.57,67.18,-9.29,6.93,41.04,0
66.17,54.5,1.59,9.76,50.62,0
69.6,88.32,-0.24,5.92,68.34,0
57.67,70.44,4.47,3.8,51.38,0
90.89,79.28,0.56,11.38,56.46,0
53.56,65.59,-0.98,7.59,30.12,1
61.86,48.39,-5.23,6.04,36.04,1
69.0,73.85,0.43,8.17,49.27,0
34.79,49.22,4.43,18.55,50.89,0
74.21,76.66,-6.86,12.61,57.92,0
64.2,55.38,0.52,12.65,54.87,0
64.02,46.91,1.4,9.74,46.39,0
62.06,72.85,-4.31,8.67,45.33,0
31.77,55.16,-3.53,0.0,41.77,0
52.46,50.26,1.38,5.28,45.81,0
70.67,51.47,-6.8,6.08,29.02,1
60.06,70.58,2.1,0.5,40.41,0
62.08,49.53,-5.37,3.37,37.5,1
73.01,89.45,6.38,0.08,56.91,0
90.94,74.5,14.03,7.85,78.96,0
78.47,74.99,-5.16,11.28,52.34,0
67.26,64.26,3.21,12.43,55.6,0
65.74,71.96,-4.36,9.66,58.13,0
45.39,38.82,6.25,4.15,27.87,1
58.38,63.27,-7.59,0.27,55.66,0
78.37,66.62,2.88,0.97,47.28,0
87.76,77.97,-5.24,2.92,69.39,0
75.15,72.37,-1.24,4.44,47.66,0
66.54,62.51,-6.19,7.36,50.6,0
62.54,62.39,4.93,3.94,54.26,0
32.35,41.3,-5.02,9.36,37.27,1
78.5,46.75,3.31,7.07,53.79,0
67.96,71.1,-2.06,8.04,50.82,0
72.0,100.0,-0.69,12.56,80.72,0
50.26,65.37,0.89,3.28,39.84,1
93.7,80.0,-4.57,9.67,68.13,0
45.63,47.63,1.26,7.94,27.08,1
76.26,71.93,9.18,6.67,59.89,0
89.09,95.07,-4.67,11.54,73.2,0
43.1,40.93,7.03,11.52,45.57,0
70.9,72.93,8.99,4.21,35.09,1
60.61,75.13,-4.9,7.27,52.33,0
70.7,68.83,-8.73,9.12,36.84,1
39.8,54.48,1.81,6.91,38.78,1
66.05,66.46,-3.28,10.34,44.85,0
57.63,62.42,11.21,9.12,42.68,0
82.28,77.57,0.21,15.33,58.23,0
50.32,51.6,-4.81,1.88,30.33,1
85.14,74.89,-6.88,7.51,59.47,0
52.8,58.5,6.54,4.37,38.41,1
62.87,80.71,-3.43,10.42,39.65,1
84.33,59.17,0.26,1.53,60.99,0
46.57,34.97,5.73,9.39,30.5,1
73.36,69.87,-2.91,5.48,50.72,0
97.71,79.84,-0.28,5.06,68.4,0
43.94,50.7,-0.1,2.21,29.55,1
70.26,70.37,4.1,6.14,50.29,0
56.75,65.55,3.54,12.34,57.84,0
55.68,91.59,-1.32,7.9,68.93,0
49.55,33.3,0.38,10.51,28.53,1
44.43,41.69,-2.23,14.66,35.58,1
68.71,69.74,-8.87,9.06,41.89,0
71.4,48.9,1.55,5.76,48.12,0
68.27,66.02,11.35,9.87,59.86,0
79.22,89.08,-5.3,5.82,50.39,0
55.49,58.61,-4.64,5.98,38.6,1
62.51,70.71,-5.22,1.92,41.32,0
77.32,53.46,4.35,11.71,55.01,0
52.55,50.6,2.69,6.46,49.59,0
97.2,80.59,-0.95,8.73,62.82,0
68.29,66.66,-5.51,3.86,47.66,0
41.93,68.37,0.55,9.74,45.81,0
75.52,79.09,-9.39,4.95,61.05,0
50.48,41.93,0.86,7.43,29.8,1
80.64,76.72,5.23,11.51,62.64,0
80.23,83.64,-7.51,11.16,63.33,0
38.0,70.56,-9.2,7.91,40.26,0
75.99,94.58,9.48,0.93,52.77,0
77.54,57.65,-3.67,19.97,57.85,0
74.95,64.4,6.82,14.98,72.43,0
91.48,70.33,-0.92,10.89,68.97,0
69.21,60.12,-0.97,4.99,40.57,0
48.0,63.18,2.63,7.55,42.67,0
39.31,68.01,-5.3,5.83,51.73,0
51.48,56.02,0.79,13.06,50.0,0
59.97,60.85,-2.29,9.05,52.7,0
62.39,70.9,-7.92,4.86,52.38,0
67.75,58.38,2.02,6.12,48.59,0
81.34,99.26,-1.58,12.48,64.18,0
65.12,46.34,-0.94,14.4,48.51,0
89.26,82.98,-7.26,14.11,68.24,0
75.54,87.0,9.55,11.03,68.1,0
97.26,90.08,5.26,6.99,84.45,0
76.61,69.79,5.78,0.0,49.25,0
48.07,52.21,-1.83,9.19,42.3,0
42.17,52.09,-10.38,7.99,38.96,1
67.56,87.04,11.72,8.56,69.28,0
57.82,36.61,-0.37,8.22,39.73,1
78.59,91.4,-4.49,2.69,75.97,0
90.89,53.38,2.5,10.23,46.99,0
58.18,61.54,7.0,10.53,47.62,0
48.97,51.46,-0.14,10.73,43.61,0
41.77,56.66,7.67,11.79,54.66,0
61.47,41.63,6.5,10.42,41.75,0
79.95,80.04,-6.46,6.36,55.91,0
78.48,92.04,-4.04,7.72,62.68,0
26.9,36.06,5.75,8.36,37.96,1
48.5,69.59,-16.28,8.43,43.48,0
66.81,61.6,-0.9,11.99,57.79,0
60.52,61.33,-8.58,10.57,41.24,0
54.78,67.34,-2.86,16.31,60.13,0
41.81,58.41,-1.79,16.83,59.81,0
52.42,59.35,-2.15,8.32,41.45,0
72.32,90.91,-3.31,0.0,56.98,0
64.69,69.1,-6.58,12.95,56.07,0
73.36,85.51,13.75,5.84,73.35,0
73.05,61.05,11.2,4.79,64.02,0
45.22,39.56,-6.97,6.41,30.73,1
45.92,61.32,9.49,6.21,54.07,0
76.68,88.72,-2.4,10.45,68.78,0
49.87,75.16,0.78,1.76,46.89,0
65.87,67.15,-0.38,3.69,54.41,0
90.99,89.99,-3.96,9.37,69.7,0
71.51,56.49,5.9,10.49,55.99,0
77.73,84.68,0.76,10.57,68.02,0
85.69,86.11,-2.86,4.85,64.88,0
59.9,66.91,-7.83,4.09,51.15,0
60.63,56.55,-5.36,5.97,32.09,1
80.85,76.66,-9.85,8.96,49.32,0
68.26,52.14,0.07,13.94,49.4,0
57.59,62.22,-7.18,0.0,26.21,1
60.32,85.6,-1.59,7.12,57.33,0
51.8,63.4,8.22,2.67,57.14,0
80.58,85.5,7.2,1.39,83.86,0
43.75,38.12,-0.19,11.87,30.24,1
75.25,81.64,-0.52,10.18,48.16,0
50.24,46.39,11.28,9.8,42.88,0
46.93,52.75,3.12,11.68,55.12,0
85.49,92.79,-1.97,6.08,69.68,0
80.91,83.21,-8.56,6.27,46.55,0
52.19,46.98,2.36,16.74,42.98,0
56.48,35.59,4.98,7.01,38.36,1
75.26,84.73,-3.79,10.94,54.77,0
41.48,49.62,1.75,8.03,48.66,0
79.09,77.26,-2.18,0.61,44.89,0
60.8,42.34,-1.1,0.0,38.68,1
59.26,69.37,-14.93,5.68,31.87,1
84.65,73.48,-1.33,12.22,62.19,0
65.07,80.93,5.82,11.15,64.3,0
46.1,44.41,-3.79,11.66,36.5,1
65.02,56.01,0.32,4.05,48.75,0
66.7,53.67,-4.54,14.46,34.06,1
77.16,82.69,2.16,4.14,66.68,0
38.38,58.45,-1.3,8.85,53.02,0
70.42,71.31,-5.64,7.96,44.76,0
67.86,94.52,8.0,7.3,62.14,0
83.58,55.82,5.57,13.35,63.94,0
47.2,72.3,-3.63,5.18,49.78,0
47.64,63.24,2.99,2.6,44.79,0
59.19,49.73,3.22,8.08,37.82,1
72.77,42.68,3.85,6.4,46.53,0
95.43,81.77,-10.17,21.51,72.83,0
70.61,80.81,6.04,10.71,61.52,0
54.69,50.73,-3.42,6.36,32.34,1
80.45,93.27,-2.15,3.78,68.0,0
98.51,70.37,15.83,0.48,78.56,0
71.75,76.2,1.81,3.9,56.97,0
44.08,34.52,-2.32,8.46,31.79,1
66.02,64.78,-13.23,13.71,34.1,1
77.32,89.45,8.34,12.49,76.12,0
65.78,53.02,-8.07,8.92,37.58,1
70.92,38.91,-6.02,6.71,43.58,0
69.52,76.02,-1.99,9.08,58.88,0
59.08,61.01,8.5,5.93,46.57,0
61.81,69.73,4.64,14.87,61.36,0
22.46,46.3,-0.95,7.24,23.51,1
47.3,41.89,1.85,7.65,37.96,1
60.73,71.01,-3.6,0.0,50.65,0
50.23,66.71,0.84,7.22,43.79,0
91.81,61.3,0.44,11.35,62.54,0
27.58,54.32,5.81,3.73,38.09,1
49.43,54.83,5.8,5.0,46.6,0
74.4,65.89,2.96,11.17,57.87,0
85.56,84.81,-2.17,2.09,61.94,0
39.27,44.58,4.45,12.23,36.37,1
71.58,69.6,-0.55,5.87,72.57,0
56.52,66.02,-6.49,6.45,53.36,0
34.1,42.15,-2.42,3.5,31.36,1
71.12,57.32,0.51,9.51,57.56,0
63.2,75.74,5.46,17.84,61.33,0
48.26,45.41,-1.1,11.13,45.02,0
65.5,74.23,-7.26,4.54,49.73,0
62.13,67.01,0.34,12.54,57.04,0
83.45,45.98,0.68,6.73,50.32,0
62.84,64.32,1.12,13.5,58.31,0
98.07,96.48,5.52,11.23,80.51,0
54.22,40.73,6.11,0.0,38.14,1
90.76,82.32,-3.57,3.98,69.95,0
37.34,50.55,-3.7,11.78,33.32,1
59.06,73.31,-6.24,8.61,48.06,0
75.31,68.66,4.19,3.9,57.66,0
81.29,61.28,8.69,5.47,52.79,0
60.5,76.03,-1.89,0.38,40.48,0
65.95,84.18,-1.45,7.65,46.45,0
54.16,72.07,8.8,16.84,47.2,0
44.29,60.34,3.03,11.22,42.56,0
76.08,64.72,2.62,16.76,61.0,0
80.01,59.28,-7.15,11.53,51.06,0
42.39,64.49,4.07,12.11,46.97,0
70.05,79.97,-5.57,15.9,47.01,0
70.62,85.55,-6.8,9.51,64.29,0
69.32,81.84,-2.08,7.25,66.48,0
68.1,54.07,-3.51,12.13,56.32,0
49.18,69.42,-1.33,13.82,57.72,0
45.67,47.64,-8.65,6.08,32.29,1
68.42,68.74,5.75,5.11,71.4,0
79.78,74.91,6.77,8.56,55.93,0
54.23,89.23,-11.68,11.33,52.41,0
53.98,100.0,5.87,11.19,55.37,0
79.12,86.2,-4.86,2.3,61.88,0
61.98,57.09,5.14,15.65,51.87,0
71.63,77.66,-0.41,5.44,56.29,0
58.25,74.03,0.17,6.94,55.34,0
62.09,59.37,-1.11,4.39,47.18,0
67.52,98.58,7.27,18.79,70.67,0
81.34,76.93,-7.44,8.97,53.52,0
80.27,80.01,3.65,4.6,66.53,0
81.31,87.2,6.61,11.46,66.78,0
73.36,70.78,4.3,11.08,61.04,0
66.21,82.73,13.95,7.25,74.41,0
69.37,54.84,-3.17,11.36,35.97,1
71.1,62.2,5.74,4.7,61.94,0
60.36,50.93,-0.64,6.03,58.72,0
66.3,71.79,7.4,0.0,56.12,0
73.07,81.1,-0.05,2.7,61.26,0
62.49,62.4,-2.33,15.23,51.11,0
87.77,100.0,7.84,14.57,79.65,0
43.81,54.87,-2.95,8.26,40.52,0
55.08,60.78,-8.48,14.65,30.16,1
77.61,64.56,-3.1,7.36,59.71,0
84.08,69.17,3.71,7.03,63.07,0
87.96,80.4,8.35,8.23,66.72,0
71.21,82.29,0.67,7.5,66.37,0
70.27,61.84,7.91,7.14,49.47,0
42.31,55.22,-8.15,12.57,35.89,1
72.17,48.08,-2.66,8.6,58.62,0
56.44,54.11,-1.73,10.85,42.47,0
83.41,86.42,-0.69,12.13,65.57,0
57.63,70.86,0.5,9.55,51.42,0
39.33,62.84,4.15,4.12,39.89,1
64.21,62.72,-2.67,2.59,54.83,0
54.69,69.92,0.83,8.6,52.97,0
54.01,51.66,-0.27,7.31,36.73,1
60.2,65.25,-5.56,8.35,39.04,1
70.19,73.11,-0.68,7.94,42.41,0
84.26,73.98,-0.86,18.33,53.73,0
65.6,53.86,-0.99,2.68,36.84,1
52.7,34.71,0.19,0.04,42.62,0
68.7,81.1,0.45,9.33,52.87,0
42.9,44.55,-2.59,6.49,38.69,1
31.23,40.37,7.64,9.26,47.2,0
46.7,66.28,-7.02,10.34,47.36,0
57.31,58.55,-4.33,13.14,46.19,0
53.37,81.48,16.68,1.97,64.39,0
87.51,88.4,-6.23,5.77,55.07,0
75.87,82.71,-8.12,9.72,57.42,0
49.22,47.43,4.41,11.08,44.28,0
67.95,79.84,-12.46,16.77,54.53,0
55.69,58.11,-1.41,11.82,57.38,0
66.54,60.87,12.87,7.77,59.54,0
58.08,64.19,-9.27,4.44,30.96,1
74.57,47.57,-11.89,5.74,41.54,0
58.03,61.72,-9.0,5.63,39.2,1
75.25,58.6,5.39,10.62,58.16,0
81.39,65.36,6.75,9.03,63.17,0
65.58,46.09,-3.08,2.71,44.82,0
80.59,83.07,4.1,6.26,52.15,0
70.58,65.2,8.34,11.51,56.44,0
75.77,79.69,10.72,9.41,60.44,0
64.16,61.42,-1.48,10.27,46.13,0
65.45,45.14,-13.81,9.53,44.07,0
61.09,53.13,-4.93,14.51,40.85,0
55.19,72.21,-2.56,8.94,55.81,0
51.43,63.89,-1.55,6.46,45.24,0
68.1,64.15,-1.13,4.34,52.08,0
78.03,82.66,6.71,9.0,72.29,0
80.47,81.59,7.65,0.0,60.41,0
100.0,100.0,-1.03,7.26,76.04,0
58.66,74.82,6.59,7.18,53.28,0
59.11,70.34,2.15,2.54,64.61,0
84.09,51.51,0.39,4.29,53.79,0
100.0,83.53,5.44,11.24,75.58,0
46.66,60.14,0.43,8.92,43.12,0
53.66,45.12,12.35,8.41,60.64,0
57.42,47.72,-8.63,9.23,44.5,0
27.81,47.32,-3.09,8.37,23.13,1
58.7,59.4,-0.76,12.97,47.4,0
48.75,57.92,2.64,8.49,42.93,0
64.02,57.98,7.61,2.17,52.23,0
64.64,66.32,-0.15,14.52,48.74,0
81.68,74.11,-8.53,9.48,62.16,0
80.42,86.16,5.06,5.64,75.91,0
61.03,71.87,4.53,2.99,52.0,0
55.64,33.91,-11.65,9.58,17.22,1
78.94,59.51,-0.02,7.53,61.26,0
47.79,33.68,-9.54,14.3,37.65,1
88.21,76.93,-3.99,6.62,64.08,0
89.41,76.88,-5.42,4.65,63.85,0
47.1,43.18,4.86,11.58,41.26,0
32.1,36.45,0.7,11.7,29.95,1
77.59,67.67,-7.71,8.67,68.19,0
71.92,66.78,5.28,10.71,52.38,0
91.11,79.33,-8.6,7.85,48.66,0
44.98,40.1,1.98,8.94,33.91,1
64.58,61.33,-4.88,12.66,43.96,0
58.04,58.99,-2.19,10.5,56.84,0
68.49,62.73,3.03,7.32,52.48,0
57.25,80.86,3.13,13.41,51.27,0
81.12,88.13,8.02,0.0,68.79,0
48.06,38.7,-0.49,16.21,40.02,0
59.78,73.96,1.84,1.18,46.14,0
71.13,76.5,-2.63,5.49,59.31,0
79.73,57.12,1.09,7.84,55.48,0
70.33,82.8,2.64,7.41,61.74,0
47.64,72.15,-0.59,12.03,45.28,0
33.52,35.92,-10.82,3.77,19.57,1
64.18,67.91,1.99,9.04,60.41,0
71.59,81.2,2.19,5.69,57.55,0
58.64,60.9,-4.08,9.18,41.3,0
90.36,88.4,-7.71,7.74,72.33,0
51.14,70.8,8.86,8.37,59.11,0
79.88,82.57,2.95,5.8,70.34,0
48.27,50.29,-1.37,5.96,47.52,0
100.0,99.71,-6.82,9.15,78.36,0
82.64,97.97,-4.93,11.77,73.28,0
71.31,60.13,7.82,5.61,51.39,0
87.14,75.18,0.83,4.52,60.49,0
67.48,53.9,-3.3,10.45,47.61,0
76.47,86.04,3.06,7.87,71.18,0
53.33,62.23,-4.89,11.32,40.95,0
68.54,71.96,9.01,4.38,58.6,0
81.7,90.11,8.12,0.88,73.46,0
34.76,43.02,-2.8,5.87,22.7,1
33.0,59.85,-3.77,4.93,35.02,1
16.57,31.85,-15.71,7.68,25.91,1
62.77,62.39,-8.89,5.45,45.09,0
71.27,70.94,-8.04,10.96,54.84,0
83.11,83.98,0.81,6.85,68.91,0
71.68,61.84,-1.96,8.6,51.41,0
98.82,81.02,-8.07,8.63,54.84,0
42.12,60.92,-1.69,8.78,36.24,1
36.72,42.37,3.03,7.9,43.76,0
68.17,45.64,3.17,10.04,45.06,0
59.91,90.53,-11.4,4.82,50.86,0
66.29,81.73,-0.77,13.6,52.27,0
38.4,30.0,-8.3,7.05,22.14,1
69.11,72.84,5.41,2.75,49.62,0
29.94,45.77,4.7,8.75,42.04,0
68.95,75.69,-5.39,4.6,56.28,0
63.47,72.88,-4.6,10.66,58.89,0
51.7,52.82,-2.77,16.84,35.92,1
61.14,50.7,-13.52,4.85,34.31,1
61.09,46.09,2.02,9.33,38.68,1
60.1,53.85,-1.64,0.98,48.21,0
75.35,65.55,5.82,9.82,57.84,0
59.41,54.34,-6.59,4.46,42.02,0
74.93,62.2,-3.71,5.5,59.26,0
67.19,68.12,-9.04,3.59,35.62,1
55.42,75.02,-6.03,10.93,41.53,0
54.14,57.42,-7.09,12.03,43.22,0
38.81,57.5,5.98,8.09,59.92,0
44.28,65.68,-4.19,4.54,41.01,0
52.33,58.59,0.75,14.36,52.33,0
100.0,87.04,-2.28,5.0,62.12,0
80.32,74.78,-7.62,0.0,41.25,0
61.25,63.94,-1.01,9.83,41.09,0
77.51,52.89,3.59,3.58,45.89,0
58.67,74.75,-7.25,11.95,48.13,0
52.43,73.83,4.85,6.48,48.81,0
81.01,62.79,-5.1,10.41,49.03,0
79.7,73.91,-2.9,13.61,66.36,0
57.9,68.13,3.18,3.16,54.88,0
59.46,56.94,-3.98,5.74,47.81,0
63.46,75.49,0.23,7.7,54.14,0
40.74,69.7,-1.89,14.15,34.56,1
52.63,40.16,0.78,5.37,30.3,1
89.86,63.28,-14.28,5.62,48.51,0
96.44,86.42,-10.98,9.91,66.27,0
65.38,71.54,3.7,5.69,44.52,0
69.96,68.78,6.22,8.61,53.99,0
75.72,86.21,-5.46,1.79,60.28,0
88.84,73.94,-1.46,16.86,85.52,0
90.22,85.57,1.77,2.61,66.13,0
53.53,56.89,4.16,6.71,56.8,0
52.95,76.1,-12.17,7.87,37.89,1
34.14,72.54,-5.32,15.65,31.02,1
72.48,58.44,-2.0,2.7,52.6,0
53.38,50.96,4.22,15.93,50.01,0
30.91,60.88,14.99,11.03,47.43,0
58.67,54.07,-1.37,9.67,41.99,0
44.15,53.6,-8.44,4.06,40.32,0
97.36,83.52,2.41,10.28,64.75,0
78.24,51.72,7.93,5.11,54.22,0
68.04,65.25,0.65,13.07,46.93,0
79.54,72.76,-5.44,4.12,61.54,0
61.45,60.39,5.75,7.55,47.08,0
48.41,73.78,3.98,5.78,43.02,0
94.7,66.41,-6.16,4.05,55.5,0
86.5,80.92,2.29,10.97,59.25,0
43.0,51.26,5.98,10.14,34.56,1
70.76,60.14,7.09,12.84,54.13,0
34.51,65.79,-0.4,0.88,49.23,0
34.7,55.06,-2.15,12.26,38.77,1
71.22,82.07,7.36,18.02,78.14,0
82.82,97.17,-7.26,6.19,77.17,0
31.35,46.84,2.63,15.58,44.24,0
76.75,64.06,-8.22,6.95,51.63,0
53.53,45.65,6.39,2.51,43.6,0
60.73,50.48,-1.55,6.78,47.67,0
61.64,94.67,7.61,12.19,54.91,0
54.17,71.36,2.95,4.65,34.47,1
70.99,49.8,-7.34,5.6,47.07,0
51.98,40.91,8.55,10.37,37.68,1
59.56,74.12,9.31,8.01,54.09,0
72.71,71.54,5.29,10.34,55.39,0
56.7,69.58,-4.57,8.95,47.52,0
43.9,52.91,-1.84,9.92,32.43,1
54.93,57.94,0.87,6.27,45.89,0
69.03,77.37,-4.22,8.93,63.82,0
69.17,71.79,10.15,4.29,53.83,0
53.09,30.0,0.87,13.15,45.7,0
69.28,63.79,-16.22,5.46,33.49,1
69.09,63.17,2.04,12.52,72.06,0
36.06,50.07,-2.09,7.07,30.6,1
81.75,100.0,-0.45,8.81,63.52,0
59.03,62.95,-2.21,6.02,32.22,1
90.16,67.73,4.84,3.94,57.23,0
62.99,68.55,6.72,1.02,48.2,0
47.08,52.34,1.7,3.78,32.79,1
29.48,53.45,-2.04,6.7,30.63,1
71.83,73.29,-0.25,8.85,47.65,0
68.47,92.91,0.12,12.04,66.93,0
47.03,42.43,-4.81,6.22,36.42,1
75.92,77.89,3.47,4.47,68.92,0
47.64,36.94,2.76,2.23,28.32,1
68.02,71.47,9.24,9.92,54.49,0
39.81,41.76,7.53,13.53,46.83,0
61.16,53.65,-4.11,13.07,33.23,1
60.61,62.46,4.92,10.84,47.06,0
53.83,68.18,-5.71,10.55,49.18,0
56.8,72.48,4.18,14.79,46.57,0
78.34,61.12,-3.1,9.33,46.61,0
62.48,60.1,-6.14,10.58,54.33,0
69.21,65.76,1.68,6.72,50.29,0
63.62,38.54,-16.05,2.55,27.98,1
58.38,68.46,-10.51,5.26,50.55,0
81.84,76.93,-1.06,7.96,48.02,0
30.89,68.67,0.49,8.24,30.21,1
57.72,62.33,-2.22,15.71,47.94,0
72.85,55.03,-9.48,8.33,51.4,0
61.5,56.59,-4.91,12.72,52.18,0
73.85,81.65,2.35,6.26,55.87,0
54.09,84.22,3.49,6.75,55.66,0
77.44,47.38,-0.1,2.68,42.56,0
69.38,41.31,6.94,5.03,39.24,1
89.5,100.0,2.38,10.11,61.82,0
61.09,72.85,-4.48,8.03,43.81,0
69.43,58.63,-1.68,11.77,59.01,0
56.42,67.59,-8.42,8.73,35.19,1
49.64,30.0,-0.65,6.59,41.02,0
61.39,61.0,6.67,16.59,51.1,0
66.62,73.58,4.11,7.62,57.45,0
63.93,72.17,8.41,12.65,62.89,0
60.79,56.38,-1.82,6.4,47.8,0
100.0,88.32,8.08,10.84,81.5,0
70.9,63.54,-1.16,11.71,58.8,0
61.86,65.14,8.83,8.83,52.24,0
89.35,67.37,-0.13,0.0,72.87,0
54.31,56.32,4.24,8.07,39.54,1
41.25,32.15,8.85,12.92,41.4,0
40.05,62.73,-1.16,10.11,46.37,0
48.56,56.16,1.31,9.78,32.26,1
59.84,58.99,7.73,1.11,58.62,0
60.5,66.15,-0.8,5.12,39.18,1
87.75,65.72,-7.93,9.65,58.52,0
76.38,65.34,12.86,9.64,53.59,0
57.04,62.6,-2.82,12.86,51.38,0
71.45,100.0,0.95,7.42,58.62,0
30.06,30.0,6.94,9.62,32.46,1
59.12,85.54,-3.65,8.07,54.28,0
91.13,85.56,-6.05,4.05,54.54,0
38.29,53.34,1.52,0.0,37.31,1
88.81,98.61,-10.76,9.72,60.83,0
71.75,73.52,-1.73,8.7,48.46,0
50.89,65.81,1.47,5.53,64.69,0
74.44,71.51,-1.62,1.52,52.0,0
100.0,100.0,-9.26,10.52,59.7,0
66.22,80.57,9.57,6.94,55.17,0
78.27,60.6,0.62,10.23,45.69,0
66.28,44.85,8.59,15.46,54.82,0
59.6,54.14,-1.56,0.0,40.72,0
73.78,64.62,-5.28,5.2,56.84,0
43.52,55.75,1.62,7.16,40.57,0
61.16,81.1,-1.29,13.82,54.38,0
59.41,55.0,-7.07,1.45,37.49,1
76.55,70.02,8.82,15.74,62.35,0
52.63,69.7,-3.73,8.54,58.15,0
80.5,86.58,-11.04,7.62,60.41,0
58.61,33.18,7.97,7.21,47.33,0
58.73,55.39,-3.03,6.25,47.96,0
60.65,57.76,-3.65,12.19,46.37,0
61.71,75.24,-10.59,3.73,44.68,0
81.14,63.56,10.45,9.38,61.76,0
74.63,50.93,-7.74,6.46,57.38,0
58.67,63.25,0.35,4.95,38.46,1
91.12,67.01,5.48,18.34,59.43,0
95.83,65.46,2.53,9.68,57.08,0
62.46,62.35,-0.36,10.45,55.69,0
91.12,82.99,-10.21,12.55,55.37,0
50.63,50.12,-4.86,2.31,40.43,0
50.24,30.0,1.13,15.01,35.89,1
43.81,57.59,-4.72,0.0,37.04,1
80.73,96.51,1.22,4.92,65.45,0
75.36,80.19,4.09,6.16,59.86,0
48.01,51.26,5.78,10.33,58.26,0
80.74,66.02,-7.36,8.87,58.55,0
44.02,53.6,13.18,7.33,41.89,0
100.0,97.19,4.6,7.95,80.22,0
64.46,74.88,-0.01,4.09,54.78,0
75.81,57.84,6.54,2.01,54.33,0
53.19,74.1,14.19,10.91,65.35,0
72.08,76.04,-8.63,10.77,61.53,0
67.51,85.32,-1.35,14.34,46.95,0
49.51,65.65,-14.27,4.84,34.15,1
85.88,79.92,1.16,10.77,62.12,0
86.13,86.27,2.19,6.87,74.43,0
91.36,96.55,-0.23,12.76,77.99,0
91.75,87.15,-3.93,12.09,75.18,0
67.42,49.8,-12.3,8.84,36.28,1
44.82,71.95,2.24,6.64,52.89,0
57.25,72.55,8.73,11.84,52.86,0
74.6,60.77,-3.55,10.59,55.35,0
84.82,71.24,2.64,5.26,72.79,0
27.25,51.29,-9.41,2.69,35.44,1
83.63,87.12,2.74,6.85,69.85,0
65.72,66.21,-2.36,14.06,48.74,0
65.3,64.75,-4.57,12.59,37.5,1
44.38,75.27,-4.56,3.55,43.1,0
16.86,60.98,-2.36,3.33,27.42,1
81.53,76.43,2.29,13.1,58.15,0
56.34,77.57,-7.87,3.46,41.82,0
29.51,39.57,-2.38,10.04,32.08,1
22.92,56.68,-0.25,5.54,37.77,1
66.48,83.69,-6.59,14.47,52.4,0
91.06,80.41,10.78,4.92,68.86,0
59.3,52.6,-5.12,12.57,51.76,0
53.57,41.89,-4.02,8.74,31.09,1
66.41,49.84,-5.87,9.01,38.73,1
73.84,53.22,10.79,0.12,50.93,0
13.4,32.74,3.32,0.0,33.49,1
63.91,48.06,-5.62,7.12,46.25,0
48.6,63.26,6.64,8.99,50.34,0
73.61,83.64,1.2,3.5,50.71,0
90.75,74.02,1.54,3.65,66.36,0
86.91,95.56,-2.07,10.25,67.61,0
61.33,68.81,-4.5,10.25,45.79,0
53.39,66.25,2.03,7.45,33.13,1
100.0,82.11,-3.27,11.12,68.02,0
83.13,76.38,10.9,3.3,66.68,0
62.69,52.54,-7.62,6.58,53.14,0
57.11,75.93,9.22,14.59,54.4,0
69.94,69.64,-0.67,8.27,57.5,0
56.42,70.62,1.79,8.51,45.06,0
68.25,45.37,5.0,17.22,56.18,0
54.53,49.02,-3.78,2.4,41.34,0
59.98,72.32,5.19,11.19,61.59,0
53.08,48.41,-16.25,14.66,26.93,1
60.05,63.57,-4.32,6.7,46.5,0
65.33,50.21,-5.54,11.44,47.28,0
56.04,73.0,-7.52,4.07,50.82,0
100.0,66.5,-1.29,5.25,67.88,0
18.39,44.29,2.31,9.54,27.15,1
81.66,84.47,4.22,11.19,63.51,0
88.91,70.22,1.45,12.48,69.22,0
20.85,50.71,-3.99,14.28,30.71,1
63.7,65.03,2.21,7.73,44.12,0
50.99,55.13,0.75,12.77,42.4,0
50.47,38.62,5.62,6.63,27.8,1
45.63,33.78,4.66,11.61,38.84,1
53.88,58.03,0.18,8.83,47.55,0
100.0,65.12,-5.38,9.78,64.54,0
85.93,76.47,-3.92,9.69,56.53,0
86.08,75.69,-3.3,1.58,65.03,0
73.97,81.23,-1.89,3.5,53.06,0
43.45,50.02,1.61,8.41,40.34,0
68.9,56.04,4.29,1.25,44.07,0
66.74,79.42,-0.31,11.32,63.59,0
38.37,56.69,0.1,11.49,31.04,1
81.02,76.78,0.86,9.31,55.11,0
55.03,68.61,-3.1,3.52,37.17,1
51.78,43.14,-5.55,13.52,41.01,0
64.12,82.05,-10.53,16.15,64.87,0
67.8,77.51,-4.17,8.59,52.38,0
58.92,49.51,2.84,10.04,44.04,0
84.33,74.74,-4.22,8.81,66.03,0
56.39,53.68,-1.43,10.12,46.3,0
78.45,70.35,2.8,7.52,58.03,0
72.37,75.73,3.12,7.86,63.82,0
58.77,79.43,-6.48,11.62,42.87,0
73.97,81.91,5.98,17.38,71.3,0
56.41,36.62,6.76,2.4,49.75,0
79.87,82.67,-6.78,7.58,61.92,0
58.47,79.51,-4.94,3.28,36.13,1
49.22,64.65,7.15,14.37,48.9,0
69.17,89.61,-0.88,5.65,67.26,0
59.77,82.25,-13.32,2.23,37.87,1
48.5,63.0,-8.4,10.55,43.33,0
46.27,52.15,-1.5,14.98,40.61,0
73.06,84.4,-6.98,10.65,53.1,0
57.05,53.79,-2.48,8.82,37.54,1
87.45,84.21,0.19,9.64,64.69,0
41.41,39.42,8.77,13.66,33.85,1
90.14,100.0,-1.74,4.5,66.9,0
63.3,57.89,6.44,7.55,61.6,0
68.29,82.87,8.57,6.19,70.37,0
60.1,65.78,8.61,3.33,41.12,0
73.84,52.9,1.71,6.69,40.94,0
65.09,69.52,-11.78,12.43,45.71,0
81.25,51.88,2.76,10.27,50.58,0
85.82,74.21,6.29,10.58,58.13,0
76.73,77.7,-0.49,8.59,59.36,0
65.33,54.57,10.47,10.09,60.89,0
65.04,66.38,5.16,4.8,53.78,0
77.67,92.18,3.41,6.76,59.3,0
43.49,41.47,6.52,8.77,23.96,1
44.99,38.64,2.0,9.11,36.25,1
73.72,91.08,-14.96,9.28,55.83,0
66.92,90.85,-2.99,7.45,59.9,0
36.88,63.61,7.18,6.49,48.24,0
66.96,77.83,-4.85,20.63,52.62,0
66.31,85.25,-1.34,11.63,49.62,0
69.64,50.92,-6.27,9.65,27.5,1
53.48,51.5,10.7,7.07,40.45,0
58.43,82.33,10.09,6.2,51.31,0
49.93,75.45,-5.3,7.48,44.38,0
62.75,76.54,0.88,9.17,54.51,0
43.25,37.07,-4.08,0.48,23.99,1
82.76,100.0,3.69,1.72,60.7,0
79.75,64.09,3.06,5.45,36.24,1
62.51,64.17,4.87,8.83,64.83,0
80.01,79.93,1.99,7.04,56.95,0
79.06,100.0,17.61,13.91,80.0,0
85.83,86.4,-6.17,2.07,50.21,0
41.54,51.15,-10.26,4.99,32.99,1
49.77,57.62,-2.36,14.08,40.62,0
55.64,59.46,-9.41,8.52,35.38,1
68.71,72.47,-8.95,11.54,47.09,0
85.6,40.58,-6.01,16.2,60.06,0
51.83,54.32,-5.53,5.22,38.99,1
68.91,70.36,-5.73,7.6,49.69,0
44.98,43.76,3.11,6.91,36.25,1
48.88,63.71,-3.04,0.18,30.62,1
44.68,48.28,-1.08,6.76,34.33,1
59.98,76.87,5.37,11.52,51.6,0
42.67,70.18,-4.6,10.16,45.98,0
48.47,49.66,-1.59,10.48,26.49,1
77.55,74.75,2.19,6.5,55.69,0
46.48,54.64,-11.65,5.38,31.15,1
100.0,84.58,-14.31,13.08,68.66,0
60.42,73.02,2.08,6.01,56.4,0
78.02,58.34,2.95,9.18,52.44,0
46.8,42.92,12.39,8.65,48.49,0
81.28,80.33,0.95,13.85,56.8,0
46.21,67.01,4.92,11.89,56.03,0
72.18,57.13,-1.17,2.82,51.04,0
100.0,100.0,1.78,3.25,74.95,0
66.63,56.91,10.0,10.32,64.04,0
74.28,80.61,-12.74,7.74,66.64,0
56.45,67.96,2.48,6.18,52.23,0
55.01,64.73,12.81,12.06,40.32,0
89.54,89.55,1.69,8.75,81.21,0
63.83,52.72,9.9,8.21,53.3,0
98.56,82.17,-3.78,11.12,80.62,0
75.74,70.46,-0.19,6.5,64.96,0
48.76,50.64,0.2,14.27,55.09,0
79.65,70.02,-13.31,4.85,55.04,0
79.74,57.13,-7.01,10.63,62.98,0
55.76,66.14,-6.58,13.74,66.9,0
47.71,45.59,4.93,2.49,36.43,1
53.9,54.79,5.23,6.63,35.88,1
70.91,60.0,1.94,12.57,48.61,0
55.12,63.98,4.94,12.63,56.53,0
48.9,77.77,-0.98,7.31,58.58,0
69.9,77.86,7.21,5.06,50.43,0
47.3,43.68,0.05,11.82,27.26,1
57.18,55.05,0.35,12.73,49.44,0
66.33,59.41,-1.59,3.34,57.72,0
95.44,65.53,4.11,3.18,65.97,0
78.77,72.63,-2.53,8.9,66.1,0
83.36,65.02,5.86,10.52,68.06,0
66.68,54.77,-6.79,6.8,48.65,0
47.23,59.29,-6.59,10.72,36.5,1
38.72,50.24,4.12,5.16,32.97,1
69.32,77.15,-0.53,0.0,52.91,0
64.92,60.99,-2.72,6.3,47.21,0
68.16,63.4,5.34,8.25,56.14,0
47.96,40.97,-3.64,6.9,36.31,1
47.58,53.77,-1.2,3.37,43.11,0
70.69,66.38,8.4,0.74,60.46,0
68.3,71.96,9.23,5.94,44.79,0
59.63,51.23,9.43,11.59,56.91,0
49.02,61.48,-1.69,13.02,51.6,0
71.36,69.43,7.38,12.75,64.73,0
83.13,77.56,-5.69,4.74,54.17,0
56.8,92.4,-5.44,3.39,51.34,0
55.28,70.71,-14.1,9.99,48.37,0
52.4,48.6,10.04,10.54,50.1,0
56.38,59.79,-5.18,9.6,50.0,0
47.6,40.94,-0.76,0.0,37.04,1
62.42,66.87,-5.46,4.53,46.13,0
63.04,50.48,4.17,7.88,46.27,0
95.25,89.67,-2.25,9.95,62.06,0
48.23,49.51,-7.83,11.07,40.73,0
68.25,62.14,2.65,8.58,46.25,0
43.09,53.26,-8.6,9.32,42.63,0
91.98,100.0,-5.02,8.34,67.08,0
61.52,63.71,-12.64,10.74,48.3,0
82.94,98.33,-8.54,9.25,59.67,0
40.73,59.67,1.07,8.26,36.41,1
79.57,74.09,-11.79,6.93,49.53,0
71.35,79.27,-8.89,8.33,58.21,0
71.26,71.09,-0.01,9.94,53.6,0
78.75,53.56,-3.26,9.07,66.57,0
55.97,56.72,11.95,9.52,45.72,0
84.67,90.44,11.0,13.37,74.59,0
92.72,89.05,-5.21,9.06,63.2,0
59.44,44.83,3.34,5.4,47.25,0
57.82,60.19,4.5,11.53,43.13,0
88.73,100.0,-3.58,2.54,65.04,0
89.37,97.05,-8.97,3.67,62.57,0
63.54,59.27,-0.07,9.34,47.74,0
66.09,72.51,-1.04,10.07,45.97,0
52.37,58.14,-2.61,3.02,41.08,0
51.78,30.94,2.65,6.47,42.73,0
41.73,44.76,-4.5,5.58,38.25,1
54.64,73.71,-6.91,6.05,37.2,1
58.44,54.15,0.65,11.77,42.6,0
49.19,62.22,2.32,10.83,62.18,0
69.26,64.36,-7.06,7.92,47.99,0
84.51,100.0,5.57,5.82,68.94,0
43.95,74.53,-10.62,2.6,33.78,1
90.57,100.0,-3.47,13.68,62.95,0
56.56,61.34,-1.55,10.37,45.02,0
57.81,68.53,-3.82,5.17,41.01,0
75.73,54.39,-3.39,10.88,47.02,0
53.64,71.43,11.23,7.72,43.73,0
69.6,55.5,-5.11,6.85,53.06,0
76.83,69.85,14.65,9.74,59.05,0
76.63,57.5,2.62,5.03,52.89,0
51.91,61.47,0.55,6.62,60.31,0
95.76,79.95,2.86,8.49,82.74,0
50.94,51.51,15.18,6.0,48.49,0
60.87,53.46,-5.96,10.68,38.5,1
34.65,52.38,-6.72,15.48,37.18,1
77.06,69.67,-4.53,4.98,48.49,0
59.69,45.55,0.19,1.34,38.87,1
84.03,80.63,-10.35,0.0,54.19,0
95.76,95.03,0.13,7.4,63.88,0
75.19,53.35,10.16,5.35,43.78,0
59.48,48.15,0.91,8.83,43.54,0
79.66,67.68,-1.76,8.53,46.96,0
57.76,73.86,-3.71,1.59,50.56,0
73.36,74.48,5.39,0.74,55.58,0
64.24,61.26,-4.95,9.18,49.06,0
35.65,55.39,11.08,8.54,34.4,1
82.72,68.52,11.6,6.3,69.84,0
81.13,92.53,1.54,1.37,68.28,0
55.2,63.97,-0.07,9.89,46.12,0
45.71,57.74,6.18,13.09,59.95,0
70.82,58.44,6.57,9.11,56.88,0
69.73,58.37,-4.84,4.61,44.38,0
76.05,78.83,-3.16,8.18,53.56,0
90.98,100.0,-7.93,2.54,72.7,0
86.96,55.99,2.45,12.23,58.18,0
63.91,62.62,4.0,8.33,47.88,0
34.35,30.0,-8.1,0.93,30.73,1
55.9,50.81,-2.73,6.8,44.21,0
59.64,64.78,-8.08,9.85,55.86,0
83.8,73.43,-5.39,6.67,52.85,0
46.52,48.83,3.31,6.9,48.97,0
71.81,59.84,-4.4,3.1,54.2,0
59.3,68.83,-1.8,10.27,43.53,0
90.57,75.73,-9.76,5.41,52.13,0
100.0,63.14,1.12,0.0,63.08,0
68.03,34.48,-0.27,6.51,35.71,1
50.84,53.08,-4.37,11.92,40.83,0
84.47,81.96,-1.13,6.45,63.58,0
80.29,39.69,1.08,14.95,59.53,0
88.91,78.89,-4.89,9.72,73.72,0
67.58,65.32,-8.86,9.36,46.98,0
72.49,78.39,10.83,7.49,51.06,0
75.68,67.08,-3.8,7.73,62.35,0
86.72,81.74,-0.58,6.95,66.92,0
70.73,75.81,6.07,6.79,63.25,0
62.85,45.26,21.17,10.12,65.45,0
76.44,85.92,-7.47,4.26,59.1,0
81.55,80.36,2.7,3.7,67.08,0
77.22,86.11,-4.25,3.51,61.29,0
74.65,100.0,-3.23,16.18,65.95,0
48.99,38.74,-4.32,10.12,33.93,1
58.24,87.74,-6.75,9.22,49.77,0
88.46,74.72,-0.25,3.77,57.59,0
57.58,60.37,-8.85,10.49,37.56,1
67.4,68.82,5.68,7.53,52.1,0
50.96,56.28,0.33,8.86,43.38,0
57.21,58.96,2.53,4.09,41.19,0
81.19,82.88,-2.8,8.64,67.36,0
73.02,49.3,-2.2,6.3,47.48,0
73.12,74.99,1.73,4.94,43.24,0
40.63,46.23,-6.98,10.94,28.56,1
66.97,59.77,-2.15,1.85,55.36,0
76.83,66.88,-5.16,10.26,51.69,0
90.86,100.0,-5.34,10.74,69.96,0
56.24,55.84,-12.66,4.48,38.95,1
78.89,72.1,8.04,4.72,59.47,0
75.36,59.35,-4.12,7.11,41.13,0
89.93,91.16,6.98,9.13,76.52,0
53.4,72.73,6.41,7.39,50.13,0
70.88,90.61,-7.72,9.73,55.13,0
82.62,69.78,-6.53,15.05,55.76,0
64.79,75.48,15.36,5.97,58.7,0
69.11,61.99,10.51,1.14,43.92,0
78.25,83.09,-0.19,11.3,55.55,0
94.41,68.15,1.54,14.73,73.18,0
52.04,63.66,-3.79,9.57,32.82,1
71.69,64.56,2.59,3.65,62.3,0
65.81,57.38,-4.3,7.5,39.99,1
86.5,79.15,-12.19,3.53,56.61,0
38.14,52.53,-7.93,10.57,26.38,1
53.03,58.24,0.13,2.59,39.0,1
72.57,72.04,-6.79,6.8,48.9,0
78.16,100.0,-0.4,3.98,63.38,0
62.87,76.64,-6.45,8.51,48.61,0
65.44,70.1,-4.69,6.53,42.36,0
75.69,79.79,5.12,8.71,83.5,0
55.56,39.62,1.48,8.09,27.9,1
41.0,53.88,-0.06,4.05,30.19,1
67.92,80.63,5.27,10.51,62.78,0
61.82,77.9,2.88,7.8,44.55,0
49.71,47.53,8.68,4.05,46.51,0
85.47,70.18,-2.76,16.96,56.95,0
76.52,48.39,-2.58,9.91,34.17,1
45.34,54.87,-7.81,7.39,44.34,0
50.49,64.02,-2.57,13.66,34.1,1
76.44,69.06,5.79,15.37,57.98,0
75.42,80.01,7.8,7.42,67.37,0
57.69,62.17,5.76,9.39,50.98,0
100.0,88.78,-10.77,4.05,70.08,0
57.27,40.49,6.5,7.41,47.75,0
36.2,50.5,-11.03,7.2,26.04,1
43.94,30.0,5.39,8.74,46.12,0
61.23,62.78,-2.21,9.33,45.09,0
72.13,48.49,4.22,10.24,66.03,0
63.3,77.44,-7.99,8.95,43.78,0
80.31,78.53,7.03,3.16,64.98,0
52.55,57.96,-8.79,4.25,38.96,1
94.41,98.91,-4.01,5.81,69.08,0
66.38,53.25,-5.99,6.87,40.77,0
70.65,98.2,-10.53,12.2,62.1,0
68.58,80.28,0.57,3.35,43.0,0
80.33,67.46,10.84,6.57,61.75,0
73.13,85.11,16.0,11.81,71.11,0
75.74,56.93,0.58,6.8,53.96,0
72.09,62.35,6.7,9.84,41.99,0
76.7,72.15,1.39,7.44,56.48,0
66.96,61.22,2.99,9.03,49.33,0
78.11,60.27,-2.05,7.09,56.5,0
58.41,79.23,1.17,10.67,56.38,0
84.72,77.51,3.22,1.82,64.27,0
47.34,62.63,-3.47,6.55,46.74,0
100.0,77.57,-0.46,9.19,62.49,0
62.04,43.23,-0.35,10.13,50.59,0
55.16,53.72,4.96,13.97,44.21,0
79.15,43.9,-6.4,6.44,46.58,0
54.14,57.53,-0.31,13.92,44.56,0
69.54,57.91,11.47,5.36,72.6,0
38.52,82.49,6.98,13.31,57.31,0
46.53,71.75,8.1,11.27,48.04,0
25.67,46.93,0.15,4.35,32.41,1
69.24,75.92,1.93,9.23,55.45,0
29.57,30.0,6.01,7.8,23.57,1
44.36,55.39,9.36,10.5,48.13,0
58.64,75.88,-11.71,7.11,55.77,0
67.2,76.92,-7.89,6.77,41.65,0
78.48,85.24,7.86,13.48,66.08,0
52.79,64.14,-1.66,7.61,39.61,1
63.11,68.46,-4.03,11.31,53.65,0
69.46,45.6,-7.52,7.1,48.87,0
60.71,41.82,-3.33,14.67,38.46,1
85.78,79.81,-8.41,5.29,71.49,0
78.72,75.83,12.55,5.54,65.02,0
63.23,49.62,-0.13,14.1,51.76,0
84.54,94.72,-0.35,6.22,61.44,0
51.33,85.88,3.53,14.4,60.15,0
39.84,51.29,5.77,11.57,40.19,0
60.37,63.77,5.68,7.38,47.95,0
59.3,55.79,6.44,0.75,42.19,0
44.72,43.56,-3.79,7.92,28.81,1
60.39,63.48,-1.79,8.41,49.2,0
97.66,87.47,4.61,12.67,76.13,0
99.52,57.33,-3.16,14.35,62.3,0
62.9,63.51,-0.03,5.26,50.05,0
66.8,69.65,2.39,11.2,57.25,0
82.6,57.3,4.71,11.06,57.36,0
75.24,64.88,-10.67,12.29,57.31,0
51.53,61.16,4.29,9.99,60.28,0
52.66,81.36,-1.4,0.23,50.58,0
81.34,79.51,4.24,7.38,68.26,0
60.71,53.61,4.66,3.38,51.79,0
86.82,80.73,9.65,7.19,63.46,0
78.43,53.6,8.12,11.92,54.93,0
74.87,89.51,8.08,9.22,68.78,0
55.84,54.23,8.66,12.59,49.82,0
97.55,78.21,1.75,9.37,67.18,0
73.83,83.48,0.19,2.81,54.24,0
96.2,71.84,5.24,0.0,69.06,0
52.76,41.5,4.39,8.6,38.48,1
91.65,76.72,-1.85,7.14,72.28,0
63.87,80.04,2.43,4.09,56.29,0
38.39,40.43,-0.21,1.2,37.67,1
74.08,30.0,-5.12,5.06,32.23,1
61.44,56.72,7.74,7.22,42.5,0
74.55,76.57,0.33,10.66,65.78,0
72.38,85.39,12.29,8.75,69.24,0
50.51,53.92,-9.75,14.43,31.51,1
63.15,60.31,-3.34,3.86,51.68,0
84.34,100.0,0.2,11.52,82.51,0
100.0,61.2,6.82,8.19,68.86,0
61.67,65.42,2.4,10.78,66.45,0
57.31,68.18,1.86,6.25,53.81,0
63.28,72.15,-6.76,12.29,42.97,0
84.51,65.82,-6.94,9.18,55.45,0
49.77,55.17,1.94,5.28,42.37,0
51.25,32.94,-8.18,7.95,34.89,1
50.01,40.08,-3.19,7.04,33.96,1
76.84,75.13,3.01,9.96,48.55,0
79.02,60.51,-5.89,3.28,57.17,0
63.48,61.13,9.63,7.88,45.9,0
100.0,87.39,7.34,9.58,66.85,0
64.09,48.52,-9.43,8.13,32.38,1
37.54,52.17,-5.59,13.39,37.92,1
81.36,56.3,-13.71,11.1,46.32,0
83.77,74.02,-4.7,7.97,54.78,0
94.25,90.5,4.6,8.87,69.67,0
44.58,62.57,-2.48,9.18,39.19,1
79.82,69.79,2.76,9.61,61.52,0
57.92,67.79,-9.13,0.7,51.08,0
69.04,72.26,4.79,6.79,53.18,0
86.82,50.18,-3.33,2.06,57.19,0
58.19,86.26,0.07,13.11,71.09,0
41.18,44.91,-0.56,7.76,30.25,1
96.12,86.11,-7.63,7.23,62.39,0
84.21,94.36,-6.92,11.59,79.05,0
61.45,42.47,5.81,9.69,53.56,0
73.75,61.14,2.39,3.49,43.45,0
75.14,67.22,6.3,7.72,61.06,0
66.74,58.83,1.95,6.66,52.64,0
47.01,80.54,0.86,1.02,53.01,0
45.95,48.17,-10.36,5.24,31.77,1
70.29,58.57,-1.62,7.27,43.58,0
82.75,80.27,-0.16,7.54,59.6,0
72.05,56.78,11.72,2.07,54.64,0
56.05,56.86,4.12,12.61,54.8,0
74.13,77.41,9.22,7.59,57.4,0
30.65,31.6,3.59,8.15,19.07,1
79.55,76.44,-4.27,9.6,50.53,0
28.18,40.88,0.7,4.85,37.42,1
65.51,43.52,1.42,9.83,52.75,0
46.57,57.6,-5.63,6.53,35.21,1
45.83,72.97,-2.31,4.41,38.05,1
95.27,77.91,-1.23,10.29,66.1,0
57.82,63.29,9.63,13.97,62.4,0
72.51,77.45,-12.48,10.9,53.58,0
54.86,49.78,7.23,11.69,48.26,0
70.4,90.94,-5.62,5.92,47.13,0
71.03,68.73,-8.23,1.61,39.81,1
33.31,71.61,7.08,13.96,47.65,0
81.55,67.16,4.39,16.22,60.53,0
58.4,82.13,7.53,14.17,57.29,0
41.98,58.46,4.8,6.66,35.68,1
66.88,67.64,12.36,3.38,46.59,0
90.19,84.07,3.35,3.74,60.68,0
89.58,71.44,-0.94,1.27,66.34,0
51.82,76.25,2.06,7.57,56.76,0
60.85,63.52,7.46,14.42,64.01,0
60.85,38.52,-4.68,7.43,43.93,0
87.6,73.9,-3.91,9.21,65.89,0
78.38,67.28,-1.85,13.5,63.42,0
90.05,73.74,-12.63,6.38,49.45,0
80.32,75.64,0.83,16.14,65.96,0
72.62,82.63,-11.32,15.97,53.12,0
61.79,39.37,0.32,7.48,26.21,1
56.35,65.16,5.19,5.69,61.09,0
49.36,42.93,-2.86,10.79,48.5,0
58.8,74.23,10.06,6.61,59.28,0
64.78,72.01,-8.76,3.37,52.41,0
79.41,71.08,7.15,13.12,58.89,0
75.07,62.83,4.05,12.87,56.66,0
61.02,80.01,-10.3,8.62,52.22,0
73.29,78.83,16.26,2.95,53.34,0
26.05,51.52,-0.38,3.08,31.42,1
72.61,73.57,-5.26,8.43,61.29,0
70.74,76.1,-8.44,6.0,50.21,0
88.2,67.5,-1.32,6.64,61.04,0
25.57,45.36,-0.76,12.09,18.22,1
98.31,100.0,0.62,10.93,70.77,0
63.53,76.88,-1.79,13.51,54.56,0
84.82,68.38,3.8,4.04,65.75,0
51.01,58.92,-2.33,6.63,28.53,1
65.95,56.42,-11.61,11.04,52.73,0
49.57,61.31,-0.9,9.79,38.55,1
47.05,64.36,-14.2,14.13,39.46,1
94.36,63.16,2.12,9.68,60.1,0
58.29,49.56,-5.88,15.39,40.66,0
88.58,64.39,0.98,10.16,59.76,0
77.73,71.03,7.88,12.25,64.95,0
61.2,56.19,-5.69,6.71,47.95,0
66.18,71.75,6.37,8.06,56.24,0
74.63,72.35,-2.6,11.64,58.36,0
100.0,87.67,10.52,14.45,84.77,0
59.42,55.83,-2.19,10.92,48.17,0
55.36,80.2,-5.04,7.67,59.78,0
87.29,96.4,4.12,13.51,75.63,0
70.54,71.31,-2.61,0.0,60.3,0
79.32,70.62,-5.05,2.31,58.16,0
72.52,78.1,-2.87,10.73,62.37,0
47.3,49.2,-0.27,8.06,40.33,0
95.01,80.98,8.05,10.42,78.94,0
42.34,62.34,-11.6,8.26,40.83,0
67.35,45.77,0.14,10.28,44.44,0
53.57,73.4,3.75,4.74,40.99,0
65.23,65.7,1.16,10.28,47.82,0
70.71,64.01,7.86,11.98,64.64,0
73.31,67.8,-0.45,12.88,46.15,0
78.08,69.48,-1.11,16.05,59.76,0
92.35,61.67,3.55,8.98,68.04,0
75.43,88.2,0.6,9.1,67.13,0
48.68,63.43,-2.34,1.91,46.91,0
79.86,80.94,3.1,5.87,55.14,0
86.68,89.41,-3.92,7.23,57.9,0
52.42,40.36,-3.67,12.2,28.43,1
68.42,77.45,-3.17,5.56,53.02,0
70.25,69.65,8.12,11.19,61.78,0
55.94,72.54,-19.33,7.99,33.54,1
89.93,54.42,2.37,7.29,70.18,0
71.02,62.74,0.21,9.0,41.91,0
63.62,59.58,-10.09,6.44,53.67,0
69.67,68.87,1.86,6.28,58.02,0
66.22,71.3,2.85,1.18,57.31,0
47.56,45.5,3.54,7.01,35.51,1
41.71,41.83,-15.91,6.08,28.16,1
94.89,80.91,8.2,5.94,63.3,0
54.9,45.85,-4.43,9.67,44.08,0
68.34,65.19,4.12,10.63,45.42,0
25.88,38.46,4.45,8.93,28.12,1
59.56,30.0,-5.26,11.98,30.1,1
40.92,47.11,3.96,10.3,24.46,1
82.68,70.28,-2.31,6.82,58.01,0
80.06,56.53,-12.43,6.15,57.69,0
55.78,43.43,7.01,9.25,42.62,0
100.0,90.46,-4.65,10.3,72.17,0
78.25,91.75,-5.13,13.59,67.65,0
51.09,65.85,-2.42,12.76,59.69,0
29.69,31.98,1.63,5.83,32.04,1
82.77,95.03,-0.34,7.59,69.93,0
43.42,45.4,3.29,10.68,26.56,1
40.45,39.89,-8.04,12.27,43.97,0
86.7,62.38,-4.45,11.76,71.58,0
100.0,68.98,-0.7,7.74,71.9,0
81.74,75.36,11.39,2.98,61.21,0
72.25,73.32,-0.68,4.0,61.7,0
67.79,70.59,6.51,9.09,60.11,0
68.78,69.47,0.23,9.37,58.93,0
78.86,62.12,-2.9,3.61,59.43,0
59.03,75.75,-1.48,8.18,56.94,0
63.25,50.79,-1.01,10.52,42.3,0
56.1,74.16,3.62,3.4,50.95,0
58.09,45.56,8.25,12.42,50.46,0
75.2,53.52,2.16,6.49,50.23,0
29.19,30.12,7.12,13.03,36.85,1
48.7,58.45,-5.79,5.87,51.09,0
49.17,66.82,-2.49,3.89,38.71,1
48.57,60.1,-4.35,6.17,39.41,1
69.45,79.13,1.89,7.62,36.04,1
82.31,86.38,-2.15,6.45,62.67,0
77.17,61.9,4.38,7.14,64.62,0
44.38,45.04,-5.59,9.34,29.47,1
58.48,45.75,0.26,7.32,36.26,1
63.47,91.34,4.12,7.74,59.91,0
47.31,40.82,-12.39,1.16,35.98,1
63.34,73.87,12.73,9.57,61.2,0
65.91,81.99,-1.7,7.64,63.08,0
64.32,77.29,-12.15,14.44,31.12,1
61.5,61.69,0.95,4.24,49.74,0
44.66,60.04,0.2,0.77,35.4,1
60.43,86.57,-0.49,10.47,49.31,0
65.07,61.45,5.95,9.39,52.77,0
26.33,30.35,4.48,3.97,30.03,1
68.18,47.56,1.79,1.88,55.45,0
72.94,73.85,2.7,14.15,44.48,0
70.59,48.7,-0.63,13.66,64.5,0
61.59,63.38,10.65,0.0,58.5,0
92.87,85.07,-8.88,6.17,61.18,0
64.23,69.04,0.84,14.66,60.85,0
54.48,66.1,0.39,6.1,38.74,1
68.03,69.45,4.88,6.04,50.91,0
79.32,86.55,-5.06,6.87,56.35,0
84.79,54.59,-10.46,3.52,51.09,0
72.23,57.8,0.94,1.18,48.19,0
63.75,48.86,1.69,12.21,46.94,0
51.01,68.5,8.94,0.63,45.1,0
35.75,61.58,-7.62,8.99,38.3,1
91.74,89.29,6.93,11.55,85.03,0
47.2,66.64,14.2,2.2,52.55,0
45.98,44.09,-2.27,4.3,38.52,1
52.82,77.96,-7.75,12.85,49.45,0
81.62,93.18,-2.44,10.13,67.05,0
63.46,71.23,0.08,5.53,52.3,0
87.75,99.98,3.38,12.81,78.25,0
57.23,38.55,-3.55,12.83,46.6,0
65.13,62.14,9.33,9.08,57.1,0
48.36,47.91,-6.69,4.4,40.27,0
87.59,96.68,-10.44,6.35,67.17,0
61.46,40.43,6.64,9.15,34.56,1
69.75,77.84,-13.65,7.25,47.61,0
72.71,88.6,-1.22,11.76,61.16,0
63.78,78.19,18.71,1.88,54.75,0
85.71,66.96,-0.07,2.02,53.35,0
54.47,52.28,-6.72,8.72,27.79,1
62.23,55.8,-0.34,6.03,65.2,0
66.12,78.95,-0.3,5.49,60.83,0
84.26,84.97,0.96,0.93,59.89,0
100.0,88.24,3.97,8.08,76.1,0
71.1,54.63,-6.23,7.79,43.11,0
48.5,30.0,10.13,10.61,35.16,1
55.23,51.72,1.47,8.28,49.74,0
97.94,100.0,4.36,7.47,78.56,0
55.41,41.7,-3.77,12.71,38.82,1
100.0,84.98,7.72,2.75,72.04,0
78.98,95.21,-1.54,10.15,63.02,0
66.32,44.63,1.67,1.32,41.57,0
74.97,73.69,-5.6,4.65,54.76,0
96.13,93.85,-5.98,3.15,66.68,0
58.5,61.67,4.13,11.13,49.06,0
55.21,97.78,-2.66,7.74,61.44,0
62.28,39.37,-5.12,7.95,36.53,1
55.01,67.55,-3.86,3.57,41.39,0
63.04,56.61,4.19,6.8,53.64,0
46.53,61.91,-3.77,4.95,37.16,1
60.71,71.15,-0.71,9.53,54.06,0
40.98,48.62,0.09,4.04,39.8,1
75.06,70.7,-11.5,13.32,57.49,0
45.05,30.0,-8.83,1.3,23.34,1
62.24,76.21,2.02,4.77,63.86,0
73.19,77.83,-4.42,14.71,59.77,0
31.36,52.23,6.34,6.26,29.64,1
58.75,82.13,5.8,2.74,63.06,0
76.87,82.8,4.32,8.88,65.43,0
37.78,54.58,10.92,6.1,47.7,0
86.79,72.49,-0.5,4.66,48.82,0
65.38,61.35,3.89,3.62,54.54,0
41.41,72.34,-3.51,19.07,45.61,0
80.34,82.15,14.71,6.99,54.8,0
83.4,68.51,11.9,0.3,56.78,0
59.91,66.85,0.07,13.97,50.53,0
75.26,60.3,2.32,10.44,56.26,0
54.53,69.91,8.16,4.93,39.49,1
77.07,75.26,-0.88,4.27,54.94,0
37.25,73.95,-3.94,10.69,48.31,0
72.07,53.79,5.24,7.01,52.0,0
47.06,51.47,0.47,0.3,43.77,0
43.28,60.55,1.1,15.15,53.45,0
89.33,86.24,-5.01,6.26,69.99,0
91.7,74.37,-10.31,13.98,69.89,0
94.84,61.42,1.42,13.11,54.71,0
39.02,64.61,5.43,4.0,39.26,1
65.85,70.83,-1.35,12.13,54.97,0
79.92,67.24,8.62,5.39,69.38,0
73.39,83.25,-4.22,0.53,56.27,0
88.03,100.0,-6.33,6.3,84.95,0
60.8,71.24,-0.4,9.59,55.99,0
61.67,68.47,-0.5,6.15,55.18,0
60.99,68.9,4.62,6.77,45.44,0
61.87,56.56,-4.65,12.57,62.42,0
67.99,64.26,8.21,8.43,51.96,0
83.84,47.11,11.8,4.63,56.45,0
84.15,86.06,-0.23,10.81,61.9,0
66.16,38.51,7.5,8.79,39.48,1
48.36,69.56,-6.34,0.0,31.13,1
27.72,42.26,6.45,9.71,32.05,1
83.53,68.29,6.28,9.57,51.42,0
43.61,46.38,5.18,8.08,36.23,1
39.99,39.44,-0.09,11.57,40.99,0
83.42,86.6,-17.73,5.31,53.42,0
100.0,60.15,-3.85,9.35,73.46,0
52.94,80.76,-3.76,1.73,57.56,0
70.23,78.36,-5.87,9.63,69.3,0
76.81,51.87,0.73,15.81,41.28,0
62.16,51.56,-2.51,4.02,37.82,1
79.42,95.27,-4.95,4.96,56.58,0
66.72,51.11,-6.35,5.16,39.13,1
74.58,54.47,-4.29,8.52,47.46,0
72.06,82.53,6.73,3.75,56.72,0
53.31,62.55,-3.97,9.68,44.99,0
77.38,64.66,-3.09,11.39,58.95,0
69.24,66.26,-2.74,10.14,44.89,0
58.09,45.26,2.03,0.93,26.81,1
70.99,84.34,2.74,11.98,56.05,0
60.18,68.8,-18.27,11.75,33.19,1
64.39,72.18,6.13,11.32,55.4,0
58.05,69.74,8.62,9.49,50.0,0
75.22,98.04,-6.3,8.88,60.88,0
64.29,70.48,-5.83,12.13,47.7,0
62.45,51.05,-2.7,15.69,48.36,0
87.14,79.48,-4.54,4.19,50.94,0
79.41,100.0,1.34,12.31,66.49,0
74.87,59.18,-11.68,7.66,40.79,0
59.9,61.27,-6.71,7.48,46.06,0
43.24,56.72,9.24,1.85,36.25,1
36.94,53.67,-5.57,6.86,42.41,0
58.66,50.51,7.46,4.01,50.7,0
54.31,72.56,2.13,6.14,47.72,0
66.52,91.38,-10.86,3.61,43.35,0
67.64,68.45,3.81,6.2,55.96,0
63.36,60.21,-0.71,6.38,57.87,0
72.62,46.17,-2.73,8.39,46.41,0
73.98,73.7,1.47,1.54,65.32,0
67.55,79.42,2.85,2.22,57.01,0
35.29,50.46,4.25,9.45,39.98,1
46.77,55.61,7.07,4.81,44.9,0
64.58,56.92,2.45,12.3,54.91,0
50.66,39.69,-8.25,8.9,27.47,1
60.02,81.82,-2.84,10.43,56.02,0
83.65,92.54,17.66,13.64,81.9,0
81.24,59.75,4.35,6.76,64.01,0
63.85,82.34,14.22,5.7,62.32,0
96.91,88.04,8.37,11.49,79.89,0
61.06,83.86,1.45,10.04,48.93,0
55.96,45.86,1.81,7.25,39.37,1
51.7,42.67,-0.22,13.57,44.56,0
54.05,60.54,-10.43,7.15,37.95,1
56.4,67.46,0.11,8.13,68.8,0
73.72,88.85,7.26,8.08,64.08,0
58.98,75.66,-3.6,4.26,51.22,0
68.47,62.62,2.47,8.31,48.94,0
57.94,57.77,5.11,13.59,54.66,0
78.37,92.76,-5.46,9.78,64.51,0
76.61,63.89,-2.71,8.12,58.12,0
56.13,69.45,-6.11,7.35,33.8,1
24.49,35.27,-4.93,9.32,20.43,1
61.4,94.4,-7.73,11.0,69.84,0
28.51,59.29,-5.4,10.44,45.07,0
61.9,61.5,8.52,6.67,53.97,0
52.36,46.98,-5.49,9.3,27.49,1
40.97,42.49,0.76,9.92,35.97,1
74.46,76.33,-3.02,3.97,64.49,0
85.69,74.4,7.07,8.67,71.25,0
52.04,52.32,7.87,0.0,49.8,0
33.29,36.31,5.18,9.93,35.74,1
43.75,60.71,1.84,10.64,47.82,0
63.64,44.07,-1.39,10.99,54.17,0
28.36,55.47,-7.15,6.42,28.91,1
65.55,55.67,11.66,9.24,58.75,0
64.4,51.5,-4.56,13.7,55.73,0
74.6,51.33,3.98,13.66,53.35,0
67.29,45.23,6.36,7.88,46.16,0
42.98,39.02,-3.33,8.56,37.01,1
81.43,69.56,6.23,12.44,65.02,0
50.64,87.27,4.59,2.0,58.68,0
75.5,58.9,10.37,6.71,51.78,0
48.57,57.83,-2.82,13.34,52.52,0
54.44,65.65,-7.72,11.9,37.2,1
64.44,57.78,-3.03,9.48,48.86,0
52.47,62.75,1.25,1.98,43.5,0
81.67,69.13,0.35,7.8,55.44,0
35.65,68.51,-2.36,5.64,40.07,0
40.25,70.24,-11.46,9.32,32.03,1
90.52,60.76,2.82,4.76,56.22,0
67.78,51.01,11.83,3.9,41.22,0
75.54,55.12,2.79,0.0,42.6,0
62.6,64.84,3.65,12.89,68.85,0
60.79,65.21,3.43,6.4,50.94,0
87.93,75.93,2.38,8.63,70.12,0
70.48,98.6,5.59,7.99,69.13,0
52.72,74.66,2.37,3.73,48.8,0
90.09,90.7,-1.88,2.96,63.06,0
69.39,71.46,-4.78,3.98,35.33,1
82.87,86.56,-1.49,5.11,58.75,0
69.67,61.88,1.88,9.47,53.41,0
95.33,69.37,-1.9,4.82,65.97,0
76.32,82.83,1.89,14.99,75.18,0
54.83,76.18,2.63,12.11,59.83,0
36.27,59.26,5.0,11.23,45.57,0
66.3,51.41,7.7,7.52,47.65,0
56.13,48.75,0.47,14.06,46.83,0
96.02,85.75,-7.85,7.13,70.88,0
68.24,66.03,-2.07,7.87,37.08,1
48.23,85.33,0.26,8.68,47.53,0
74.2,50.81,-11.01,10.81,41.02,0
46.71,57.42,8.33,10.55,44.16,0
56.29,73.17,0.85,6.1,39.8,1
67.86,100.0,2.29,5.87,68.33,0
57.64,53.75,8.19,10.56,47.08,0
39.79,60.4,-3.78,10.86,39.61,1
69.87,77.97,3.44,6.43,55.12,0
87.06,80.3,-0.66,1.65,57.92,0
76.51,71.86,-1.1,7.17,51.17,0
73.13,81.19,-4.63,10.49,63.32,0
53.7,30.0,9.99,15.22,48.5,0
31.42,58.76,-2.25,3.21,30.98,1
96.72,82.78,4.2,6.29,77.8,0
58.52,59.44,-11.25,6.44,39.4,1
70.19,87.43,7.08,13.42,67.91,0
80.71,71.35,6.31,7.86,62.64,0
69.15,66.5,0.58,4.37,43.08,0
65.72,94.19,-1.36,10.23,63.15,0
100.0,78.25,2.4,6.38,73.87,0
49.67,52.14,13.73,3.1,48.87,0
84.07,73.48,-10.58,4.43,50.29,0
62.8,76.19,4.69,14.94,58.08,0
53.22,70.81,-5.47,9.54,49.19,0
83.36,66.04,-0.12,8.43,62.22,0
63.18,64.45,-1.49,7.0,59.24,0
73.35,63.86,-2.57,9.17,55.53,0
71.56,75.83,-0.06,9.12,66.13,0
66.93,66.78,-6.81,9.17,44.05,0
51.68,61.71,6.18,8.46,44.74,0
47.91,33.22,-10.76,11.48,24.91,1
40.75,57.62,3.24,8.09,32.88,1
100.0,90.12,-1.96,4.09,51.06,0
48.29,70.53,-7.03,5.55,35.37,1
55.51,68.51,1.21,0.08,47.77,0
46.66,75.81,-9.34,16.11,52.17,0
64.12,74.33,0.24,11.45,55.09,0
72.3,90.22,-8.54,4.68,59.75,0
78.76,80.8,2.77,6.87,49.38,0
53.49,58.2,-5.55,5.45,41.1,0
68.0,91.01,-2.71,14.17,45.4,0
64.33,79.14,1.76,2.32,48.24,0
60.81,69.77,-4.64,8.46,46.75,0
98.58,67.06,-0.35,7.57,72.18,0
75.1,55.2,-9.08,11.31,51.92,0
75.54,76.73,3.79,7.58,61.44,0
70.13,74.21,10.59,0.97,61.53,0
77.54,70.45,16.75,7.0,65.72,0
60.91,69.09,0.55,4.11,49.3,0
41.22,70.95,4.73,8.32,46.66,0
77.04,78.04,-10.68,13.74,45.12,0
53.45,44.97,9.02,1.04,47.75,0
46.27,58.61,4.66,4.8,44.55,0
87.94,62.0,-2.9,5.79,58.23,0
86.13,73.85,7.42,6.47,72.16,0
54.06,60.76,-1.53,10.96,40.56,0
66.1,63.01,-2.75,7.31,48.23,0
91.42,68.31,2.85,9.66,62.65,0
82.25,66.5,-6.38,5.5,38.62,1
91.14,83.27,6.13,8.92,71.2,0
81.29,36.28,-6.34,11.11,62.49,0
49.78,71.65,-6.3,5.07,37.58,1
71.27,86.48,-5.46,11.13,71.37,0
68.5,64.99,4.56,8.21,61.61,0
76.06,79.27,-3.7,12.18,59.6,0
73.47,58.51,-8.09,7.19,48.83,0
62.63,84.39,-3.63,9.52,56.06,0
51.91,75.41,-0.19,7.84,45.61,0
70.59,65.19,-7.09,7.62,42.34,0
46.26,68.85,-6.91,9.04,32.7,1
40.55,61.51,12.67,10.15,72.37,0
73.66,55.64,-5.16,3.0,49.21,0
92.4,78.09,-1.94,13.73,66.34,0
72.92,71.23,-2.2,0.56,53.0,0
44.45,47.49,-2.53,5.26,34.24,1
72.67,67.54,3.73,7.62,57.81,0
95.07,76.97,5.69,9.65,74.48,0
58.91,58.13,-1.84,14.3,44.97,0
60.0,64.72,-7.42,0.57,37.07,1
61.22,52.93,7.65,5.97,51.1,0
51.87,48.65,-0.57,0.0,35.93,1
87.82,56.89,10.38,8.13,68.65,0
61.72,75.96,-13.47,9.09,52.96,0
71.13,44.64,1.17,14.36,53.68,0
47.83,70.02,11.51,8.48,43.06,0
67.23,77.54,-2.12,12.18,42.89,0
91.51,69.46,-1.35,10.34,58.12,0
63.01,30.35,1.77,6.26,43.53,0
91.57,79.3,-3.35,2.36,62.64,0
59.3,60.53,-1.87,9.1,43.47,0
49.3,55.73,-2.03,2.03,44.79,0
84.95,69.11,-3.76,13.18,59.2,0
44.8,68.97,7.37,7.35,29.44,1
42.01,54.99,2.77,12.78,30.83,1
36.42,38.39,1.5,6.08,29.65,1
80.86,59.59,4.85,9.08,70.48,0
53.43,55.78,-1.59,8.84,39.33,1
100.0,87.44,-4.65,7.82,73.59,0
53.51,65.53,-3.62,6.27,45.63,0
84.43,61.01,0.01,9.57,60.14,0
91.58,87.83,-6.36,4.3,71.72,0
84.89,100.0,-3.0,3.16,71.4,0
94.89,96.93,-3.1,12.97,71.63,0
77.91,77.61,12.75,10.91,66.9,0
62.81,74.05,-16.64,8.26,51.72,0
86.68,67.44,-1.08,14.66,55.38,0
82.3,87.84,10.35,6.93,70.32,0
61.0,52.18,0.73,13.29,48.51,0
54.05,57.45,4.52,8.7,48.91,0
53.89,66.08,0.6,3.9,57.96,0
58.58,57.69,-4.0,15.39,59.68,0
64.94,44.27,-13.45,11.96,38.48,1
67.04,76.69,1.23,7.52,66.3,0
59.08,74.8,-4.65,10.91,57.43,0
64.51,72.43,-4.8,6.39,57.59,0
86.03,74.61,-2.99,11.32,71.13,0
48.96,68.16,10.47,0.0,51.25,0
67.92,52.95,14.43,3.92,53.7,0
59.35,78.52,1.3,11.92,45.76,0
39.07,30.0,-2.79,7.0,18.69,1
73.32,69.85,-7.06,8.83,47.91,0
51.02,69.93,2.81,2.61,60.12,0
91.74,71.84,10.7,15.39,70.71,0
79.47,77.22,-1.48,12.76,64.19,0
39.72,70.1,-14.27,7.2,41.41,0
80.79,58.37,4.02,6.38,64.94,0
77.35,84.35,5.91,12.12,77.18,0
68.44,41.69,-9.52,15.93,31.46,1
67.63,51.53,1.06,11.82,40.93,0
45.69,74.98,2.71,16.69,43.7,0
52.57,54.61,-0.44,4.31,39.76,1
76.44,62.85,-4.74,4.72,58.36,0
100.0,82.91,6.1,3.24,73.64,0
88.25,100.0,-2.42,9.77,72.57,0
56.23,38.39,-8.91,8.7,41.13,0
47.33,41.13,-12.3,7.39,25.11,1
77.45,84.95,7.57,11.24,53.75,0
32.48,69.22,3.7,12.93,43.11,0
80.37,67.65,0.53,1.9,49.0,0
64.47,49.08,-2.64,5.61,35.29,1
56.73,85.76,-3.17,11.28,56.68,0
61.09,67.89,-6.45,6.13,43.15,0
64.26,79.04,-2.59,4.81,65.29,0
54.18,50.16,-12.72,12.07,39.77,1
37.59,52.63,-4.42,2.84,39.02,1
29.54,33.42,-1.87,6.79,28.06,1
78.1,69.18,3.66,9.31,50.13,0
100.0,100.0,-0.24,5.7,78.63,0
99.71,93.5,4.77,11.13,75.53,0
56.56,47.77,8.09,5.72,52.78,0
53.04,75.69,6.35,13.63,54.3,0
58.66,74.18,2.82,7.5,65.89,0
66.31,63.26,0.07,10.69,44.75,0
73.28,86.27,-5.88,10.98,46.94,0
72.56,60.2,4.44,5.49,66.69,0
94.03,77.95,10.08,0.0,60.82,0
55.72,58.07,2.05,9.44,57.92,0
65.2,44.55,11.5,8.29,50.68,0
50.45,60.44,-9.15,10.22,46.14,0
57.71,86.96,-6.92,7.09,51.79,0
61.09,41.04,5.13,6.28,49.12,0
58.9,68.97,1.59,16.03,61.23,0
79.31,82.78,7.88,2.11,66.95,0
61.34,58.54,-0.09,10.94,31.98,1
87.16,79.82,-5.21,5.7,63.84,0
67.13,47.06,-1.28,6.66,37.59,1
56.32,68.07,-9.2,6.73,47.64,0
53.58,48.57,-6.77,4.79,30.49,1
23.64,30.0,5.83,10.28,20.64,1
84.24,89.12,5.24,13.56,77.18,0
76.3,84.74,2.18,9.88,69.25,0
66.3,63.17,-10.33,8.41,43.4,0
74.71,68.95,-2.15,4.05,51.34,0
78.27,83.81,-7.35,10.07,54.63,0
43.75,51.79,7.06,16.63,45.15,0
49.08,70.79,-3.5,6.48,41.68,0
76.89,70.27,-6.51,6.5,61.01,0
41.92,68.07,0.18,5.76,39.31,1
66.65,72.43,-3.84,6.04,50.03,0
41.65,53.58,8.9,0.0,39.86,1
64.16,55.16,-4.41,9.62,47.76,0
48.81,68.57,-8.4,4.62,48.33,0
35.43,38.56,-12.92,1.56,20.92,1
84.02,70.07,-0.18,11.01,65.4,0
43.2,48.0,-3.37,3.67,46.0,0
52.97,44.2,-8.57,6.65,31.3,1
83.21,93.1,7.14,13.87,62.97,0
90.41,93.54,4.0,2.36,69.41,0
62.91,77.88,-0.17,1.87,40.81,0
69.05,51.47,8.19,9.08,56.16,0
80.77,70.86,3.98,12.6,62.56,0
69.6,57.26,-4.94,1.7,57.46,0
62.49,59.0,-6.24,9.63,45.14,0
37.58,50.63,4.91,10.32,42.74,0
62.08,71.69,2.38,0.0,42.6,0
78.61,61.65,1.02,11.19,46.85,0
44.49,67.06,-5.08,11.51,44.62,0
19.15,42.08,3.65,6.75,16.94,1
65.52,97.73,-4.53,13.01,74.53,0
81.62,57.24,-0.61,12.55,65.89,0
38.56,55.8,8.68,8.41,34.36,1
35.91,68.66,-3.97,6.19,46.23,0
77.56,60.32,-9.44,4.11,39.61,1
93.65,99.19,-6.32,7.85,86.9,0
66.22,69.75,5.97,10.28,52.4,0
57.75,55.13,1.53,6.7,42.82,0
60.75,53.69,-0.77,0.0,33.46,1
84.79,71.31,-3.05,13.07,66.67,0
53.6,83.32,2.91,8.76,44.53,0
60.77,57.12,-5.09,6.48,40.59,0
61.11,69.82,1.83,11.43,46.81,0
52.46,46.0,-4.39,14.1,32.65,1
56.67,57.43,-5.39,0.0,40.73,0
86.34,95.54,-3.82,9.74,70.63,0
77.04,52.7,-2.25,2.29,40.83,0
61.52,57.87,-0.29,10.0,43.6,0
65.9,62.84,1.41,8.51,53.15,0
55.68,50.42,-22.13,10.54,40.65,0
86.56,72.62,-4.85,6.0,59.8,0
64.58,69.43,-2.35,0.51,42.47,0
58.2,71.92,9.03,6.2,52.82,0
79.57,98.82,-6.48,9.63,74.6,0
68.13,56.81,0.98,12.06,51.59,0
51.12,54.2,8.97,3.31,51.28,0
61.73,75.36,-7.88,12.11,48.3,0
81.0,88.29,2.36,5.41,71.14,0
64.14,50.22,-4.81,9.45,45.27,0
29.19,54.62,-3.03,5.96,43.03,0
71.27,51.41,-4.82,8.73,52.83,0
58.79,59.05,-4.39,11.57,37.49,1
100.0,100.0,16.33,3.09,93.36,0
80.42,65.47,5.07,5.28,50.92,0
60.91,50.79,6.61,8.74,43.71,0
91.84,88.12,2.95,17.61,66.94,0
59.53,47.7,-9.64,4.55,57.44,0
80.73,66.86,2.37,16.16,73.03,0
66.35,77.75,6.44,16.02,72.29,0
59.22,49.0,-5.12,7.61,36.31,1
56.56,55.91,5.79,6.81,61.12,0
82.84,85.24,4.23,5.23,67.19,0
53.72,67.04,11.11,7.73,60.13,0
64.6,64.46,-2.51,2.37,45.85,0
67.35,51.4,-6.59,7.7,36.87,1
63.29,74.39,-2.17,13.99,55.72,0
93.22,85.67,8.61,5.56,74.62,0
50.84,59.78,-10.97,7.04,39.18,1
71.65,59.79,-12.41,1.2,44.26,0
81.71,78.14,0.54,9.5,65.96,0
41.14,52.78,-2.66,9.06,56.1,0
82.66,69.83,0.05,8.25,38.15,1
55.15,44.61,5.67,7.13,43.94,0
57.48,56.63,-3.32,6.83,55.31,0
57.33,66.64,-11.24,10.01,51.8,0
92.33,78.4,12.27,7.88,67.67,0
94.39,87.36,-5.98,9.26,64.05,0
100.0,84.83,-6.35,8.86,77.36,0
72.29,76.48,6.62,12.49,71.83,0
70.55,75.53,-2.31,10.71,53.8,0
66.87,72.88,-0.38,8.77,55.97,0
68.73,51.88,2.9,14.07,58.96,0
63.07,70.85,6.5,9.68,46.12,0
54.12,66.77,-2.0,13.22,45.49,0
75.61,67.35,9.12,10.43,67.09,0
84.41,54.3,-12.81,0.63,57.82,0
60.93,56.86,4.56,13.22,48.2,0
76.73,100.0,-5.04,8.54,62.51,0
84.32,75.01,8.23,7.79,62.78,0
55.85,55.52,0.85,9.13,45.5,0
33.23,47.7,-4.04,6.62,37.04,1
44.05,62.87,3.98,8.91,44.2,0
80.55,93.43,5.36,5.63,70.11,0
53.17,50.17,3.85,13.1,46.93,0
55.56,63.78,-6.18,7.55,44.49,0
63.16,67.28,-2.9,6.47,42.3,0
63.77,72.62,-0.02,4.3,57.9,0
83.87,75.3,-0.25,9.08,47.82,0
81.4,75.34,4.5,8.75,44.04,0
59.87,72.12,-12.09,9.55,44.01,0
53.99,47.67,2.01,3.89,36.27,1
73.76,65.66,-1.74,1.6,53.51,0
78.68,81.69,-5.03,10.5,53.68,0
60.33,62.99,-4.45,13.94,42.84,0
84.69,79.16,-1.29,3.89,62.25,0
98.58,79.67,-21.61,14.36,55.55,0
82.85,90.28,-4.21,9.14,56.05,0
54.54,59.96,-5.25,7.97,38.2,1
63.45,56.3,3.2,6.41,47.92,0
61.9,60.52,-4.83,2.46,44.26,0
43.39,58.16,-1.29,11.95,54.58,0
70.25,83.66,9.25,4.9,61.72,0
42.8,60.36,5.97,4.88,49.64,0
70.86,67.76,5.41,11.97,68.44,0
68.07,90.44,-3.0,0.47,55.33,0
64.04,70.79,3.26,1.91,36.97,1
59.1,83.78,-1.4,7.93,54.69,0
59.77,60.96,-1.18,9.17,55.81,0
74.35,78.06,2.46,9.94,56.98,0
43.9,70.59,-3.58,6.79,56.77,0
80.72,89.27,8.96,18.12,79.61,0
36.43,64.06,-0.96,7.09,36.29,1
80.58,77.29,3.71,7.08,53.21,0
98.28,82.08,8.73,4.81,67.89,0
46.8,48.14,6.19,8.5,38.99,1
48.87,62.37,-8.45,10.46,34.15,1
71.87,82.09,2.67,12.81,64.16,0
72.6,64.71,5.1,2.04,44.6,0
70.06,81.96,5.35,7.02,63.44,0
70.6,88.07,-6.68,9.79,60.76,0
74.99,61.17,-3.94,10.35,44.39,0
76.81,67.11,5.97,8.03,73.02,0
68.4,68.12,-4.57,10.17,56.6,0
44.69,66.66,-1.8,4.76,52.12,0
82.88,66.27,9.46,14.23,59.0,0
95.89,100.0,-0.29,11.97,78.61,0
56.82,69.2,-4.36,2.62,53.86,0
65.57,55.74,-5.27,3.7,36.74,1
82.3,59.89,2.0,3.81,71.02,0
54.91,48.45,-8.0,10.71,43.92,0
39.26,46.06,-1.48,2.86,34.0,1
80.9,48.81,2.0,6.68,57.26,0
60.13,72.03,7.79,9.82,56.1,0
60.24,62.65,4.01,7.74,41.83,0
73.58,100.0,-4.28,9.04,61.28,0
65.76,95.2,7.07,3.74,56.61,0
80.09,70.77,-1.8,10.38,52.89,0
43.23,59.65,-7.41,5.55,52.51,0
69.23,82.83,-1.03,6.7,56.76,0
74.88,83.21,8.63,8.95,51.23,0
69.95,53.6,0.99,8.41,53.43,0
69.4,50.52,0.08,8.1,45.6,0
47.38,48.21,9.82,5.0,52.69,0
71.57,83.9,-8.59,6.8,55.06,0
39.29,65.83,-7.71,8.01,46.22,0
75.28,86.82,-9.7,2.5,63.82,0
71.6,54.96,2.24,6.15,49.73,0
92.15,57.01,1.0,9.55,68.87,0
60.49,73.45,9.26,2.89,47.91,0
60.1,51.89,1.46,12.63,62.44,0
72.89,41.07,-2.42,13.08,52.13,0
58.93,64.06,0.01,3.02,45.82,0
72.41,83.42,0.71,13.43,58.78,0
38.51,47.06,-10.03,7.43,28.36,1
53.83,48.94,16.26,9.67,45.84,0
60.28,52.38,3.12,6.01,52.5,0
74.23,71.03,1.26,11.69,54.58,0
91.45,67.28,3.69,9.62,68.86,0
66.14,55.83,4.26,4.74,49.49,0
54.53,69.98,-0.84,3.34,48.23,0
66.21,70.1,-3.79,2.16,48.45,0
70.7,79.72,3.6,8.75,65.01,0
36.94,43.82,2.31,10.29,46.35,0
71.51,65.82,-4.86,10.6,55.29,0
76.56,49.61,8.51,7.53,62.75,0
74.13,72.9,1.76,3.37,38.15,1
67.7,84.64,4.38,5.27,59.81,0
72.2,58.32,8.35,12.61,53.7,0
24.09,30.08,0.13,6.06,25.23,1
65.3,76.57,1.9,8.57,69.03,0
66.32,73.67,4.86,3.7,43.07,0
26.69,40.9,-4.35,9.35,27.89,1
71.1,62.56,0.32,6.17,50.9,0
77.27,56.3,0.75,12.19,69.79,0
67.5,65.3,-5.74,11.09,48.71,0
76.64,100.0,13.91,6.02,82.74,0
85.03,85.76,-8.44,7.49,66.71,0
91.55,79.04,-7.79,5.8,61.7,0
89.83,86.58,7.89,2.32,71.65,0
80.27,73.16,4.28,4.57,64.92,0
58.28,56.54,-6.16,8.79,36.81,1
29.73,58.56,3.64,9.3,39.37,1
62.17,65.63,8.81,8.59,53.41,0
49.8,56.86,-0.18,6.79,46.46,0
100.0,76.59,15.59,11.73,79.17,0
61.72,79.3,-10.34,8.25,41.23,0
68.49,74.77,4.16,10.81,57.09,0
60.29,64.66,7.0,0.9,50.5,0
80.76,77.98,5.35,0.0,42.83,0
89.11,77.33,-1.23,9.14,71.69,0
61.24,49.58,-1.74,2.3,43.82,0
61.23,58.43,2.66,7.15,55.32,0
56.33,36.45,4.89,6.79,49.22,0
34.78,57.3,3.61,14.35,38.44,1
59.44,37.1,6.24,9.6,35.54,1
61.6,50.37,-6.11,8.66,44.64,0
58.79,36.09,-1.37,11.35,40.06,0
60.2,57.2,-5.64,9.47,36.45,1
34.04,48.93,-2.32,6.17,34.15,1
58.28,60.71,6.09,12.29,50.27,0
46.09,37.19,0.65,3.56,21.15,1
93.19,59.41,15.64,9.29,61.86,0
65.13,71.94,1.16,1.81,45.12,0
47.87,43.59,0.36,8.82,36.66,1
59.51,66.05,0.64,8.77,45.42,0
69.26,46.98,-3.83,14.71,48.11,0
55.81,71.02,-0.35,1.74,62.56,0
85.86,95.21,6.77,5.6,74.99,0
23.87,52.84,0.68,11.29,25.27,1
46.67,61.76,-4.76,9.34,58.5,0
64.98,66.9,-5.55,8.72,57.11,0
76.19,69.66,-2.7,4.18,55.24,0
65.92,67.83,0.44,5.64,60.93,0
52.87,53.7,7.16,12.98,44.45,0
85.0,60.18,-8.04,7.79,32.27,1
50.99,59.69,-1.92,9.5,38.45,1
85.22,64.88,0.87,7.54,70.67,0
60.12,53.53,-11.0,3.27,33.17,1
95.88,68.8,-5.0,11.74,66.21,0
62.18,45.66,-4.08,10.01,45.55,0
51.09,43.45,-4.78,17.22,38.3,1
56.85,51.52,1.15,3.94,32.66,1
47.37,35.85,-0.96,11.29,31.38,1
42.33,55.03,-3.33,2.75,29.47,1
50.57,68.72,2.57,8.63,47.04,0
69.74,47.22,10.34,11.91,59.42,0
62.91,56.76,9.84,0.0,45.41,0
76.58,84.63,-11.54,7.18,61.66,0
66.58,48.5,3.46,5.75,40.06,0
78.74,72.08,-1.07,5.19,44.89,0
90.94,72.15,0.93,9.54,65.1,0
71.72,76.09,-2.39,12.48,70.32,0
41.49,47.51,0.71,7.47,49.5,0
57.11,34.63,0.91,8.82,42.65,0
26.2,38.31,-3.47,8.46,31.8,1
55.62,56.46,-5.38,8.01,43.35,0
51.83,58.51,-2.69,3.64,46.18,0
48.07,40.93,1.41,12.43,44.2,0
63.3,59.32,3.59,9.18,47.81,0
68.3,69.54,5.12,9.58,47.24,0
52.71,62.6,-2.97,4.77,50.7,0
64.83,60.86,1.7,6.16,52.69,0
62.75,59.23,5.78,7.3,47.35,0
58.23,84.2,6.99,1.86,65.22,0
47.77,39.94,-0.35,1.25,45.02,0
86.44,86.17,-1.33,5.6,65.63,0
64.81,78.65,1.15,10.09,49.36,0
76.18,71.47,-6.9,5.39,49.1,0
73.73,70.51,-1.16,3.92,52.99,0
67.54,61.61,4.47,4.74,49.95,0
70.47,87.94,3.85,6.18,67.58,0
75.87,51.44,-1.62,6.58,39.95,1
57.29,47.43,1.31,16.66,37.17,1
67.06,64.53,-4.95,12.22,52.94,0
32.61,68.34,4.22,12.1,45.59,0
78.18,71.2,-0.47,12.67,56.52,0
54.68,53.53,-1.66,4.0,57.81,0
57.15,59.59,-2.17,3.11,46.43,0
65.94,56.78,-0.38,3.57,50.52,0
27.2,37.22,-2.69,13.34,24.47,1
44.82,71.49,3.95,5.81,53.85,0
49.4,50.01,-2.37,2.99,43.07,0
73.17,86.48,9.56,6.28,61.46,0
45.22,64.65,8.79,7.05,46.06,0
100.0,91.88,-5.35,9.07,70.81,0
44.05,50.85,0.42,9.0,33.82,1
72.17,73.88,-3.9,4.69,44.28,0
66.88,52.79,-1.96,10.74,50.79,0
57.25,52.42,12.01,5.44,51.35,0
87.87,90.06,-1.85,7.37,70.61,0
51.99,68.52,2.16,10.75,51.3,0
70.96,61.87,3.25,5.43,61.58,0
68.96,71.62,-6.0,5.72,53.66,0
40.55,56.64,-5.13,10.37,28.14,1
68.1,63.37,-7.24,4.57,56.24,0
57.1,69.97,-5.32,6.46,53.13,0
66.92,59.84,-17.1,10.22,42.26,0
63.85,65.89,3.27,16.22,57.74,0
72.93,58.67,12.33,10.42,58.19,0
86.99,64.54,0.89,9.89,52.67,0
74.22,73.75,-8.5,10.12,59.57,0
24.42,44.55,-3.86,3.71,39.24,1
80.03,74.73,-2.75,8.46,61.58,0
35.26,39.3,-6.11,7.88,22.43,1
75.23,80.18,5.16,9.29,65.27,0
76.32,97.17,4.86,8.47,56.1,0
43.41,55.72,-6.93,9.52,39.3,1
55.75,73.14,4.35,6.75,53.9,0
43.33,37.21,9.16,8.23,51.17,0
63.44,65.14,11.42,3.09,52.47,0
63.26,49.1,17.19,6.72,56.09,0
69.41,55.96,-5.41,13.56,49.57,0
94.82,70.39,16.95,9.28,69.75,0
78.09,94.46,-2.13,7.92,58.32,0
43.63,71.0,-3.55,15.58,47.04,0
64.91,66.22,1.96,2.56,47.18,0
33.21,30.0,-3.49,3.56,28.98,1
55.48,54.68,2.39,14.85,41.95,0
60.24,79.25,-7.92,8.18,58.56,0
100.0,84.57,-1.43,7.03,65.38,0
51.86,30.41,7.71,3.2,34.48,1
44.11,48.6,-0.34,9.79,43.83,0
52.77,64.45,0.85,10.18,52.14,0
82.58,74.88,2.85,3.62,60.12,0
46.96,30.65,7.02,7.44,40.22,0
64.69,68.01,-9.93,6.66,47.78,0
39.76,62.24,3.51,9.02,47.66,0
61.98,75.54,-1.61,3.52,46.7,0
71.37,79.55,1.0,13.01,58.41,0
70.82,72.56,6.36,11.66,69.18,0
47.26,51.32,-7.17,6.55,35.32,1
51.19,41.45,-6.08,7.13,40.57,0
67.28,59.86,-11.61,7.45,41.1,0
67.5,73.63,-3.29,4.89,45.76,0
48.55,79.5,7.98,6.23,53.39,0
97.63,90.81,-0.72,6.92,70.49,0
73.71,76.54,-8.04,14.45,45.74,0
69.3,66.95,-2.91,11.79,55.0,0
74.89,66.14,-8.93,11.74,57.58,0
39.81,60.43,-6.75,9.48,37.09,1
81.38,97.85,2.33,3.53,53.61,0
79.03,58.07,-7.04,7.83,43.38,0
56.24,83.75,6.68,11.88,57.06,0
68.61,66.34,-0.43,2.97,68.87,0
40.03,64.91,0.51,10.55,42.45,0
24.9,36.79,-1.67,17.29,27.32,1
60.46,59.99,4.64,12.25,39.75,1
59.93,58.16,4.7,13.66,54.69,0
95.03,66.71,2.01,8.87,68.57,0
97.78,91.55,3.39,11.87,69.84,0
84.63,84.31,-1.27,5.13,57.97,0
75.76,60.62,3.25,11.18,52.68,0
36.1,30.0,-2.03,10.62,22.44,1
49.71,58.7,0.01,9.16,47.33,0
59.57,56.18,-1.65,13.26,48.29,0
40.7,65.56,-2.74,5.84,49.17,0
67.64,75.13,-4.13,7.25,52.94,0
49.13,59.83,2.81,8.38,44.75,0
45.33,66.98,7.86,3.88,42.2,0
77.51,76.04,7.03,8.91,65.17,0
54.06,50.08,-7.54,1.12,34.29,1
69.24,48.67,7.74,12.19,51.31,0
82.09,84.13,-1.91,8.19,68.21,0
44.32,51.81,3.6,5.92,42.55,0
32.42,50.46,-5.44,4.66,38.29,1
62.04,68.05,0.85,7.06,51.35,0
90.96,62.91,1.88,10.75,57.91,0
97.6,88.13,-8.91,10.19,63.14,0
38.82,60.65,3.65,5.18,38.16,1
66.08,89.05,8.08,4.62,76.14,0
58.84,71.26,-1.05,10.63,46.43,0
44.9,73.52,8.16,5.11,60.63,0
100.0,90.72,-1.14,8.24,72.79,0
45.99,54.38,5.1,8.5,40.89,0
78.62,83.16,-13.31,9.25,55.34,0
59.37,54.42,14.51,11.43,57.75,0
91.24,72.71,8.97,2.95,60.77,0
84.32,57.26,-1.71,0.36,57.22,0
59.05,73.28,-11.83,5.73,54.66,0
65.3,76.15,1.73,15.21,57.92,0
69.05,61.16,-8.66,16.09,55.42,0
47.5,33.21,2.67,15.32,48.25,0
78.27,67.08,2.47,7.23,69.8,0
66.12,72.58,-5.65,0.87,44.92,0
65.85,75.91,6.73,0.0,60.87,0
73.89,70.33,4.83,5.54,44.95,0
68.56,73.96,5.85,7.21,59.97,0
52.27,49.61,0.05,13.2,42.03,0
39.5,53.07,-8.49,11.47,38.57,1
84.13,68.74,5.87,8.91,50.2,0
45.68,82.2,-1.62,4.44,42.82,0
61.67,65.48,-8.34,4.16,22.57,1
60.31,52.28,8.11,9.02,43.06,0
92.48,72.59,12.6,10.79,68.2,0
31.98,41.96,-0.25,9.57,37.58,1
100.0,87.13,12.95,3.86,82.44,0
77.28,89.99,0.55,10.6,60.92,0
84.78,70.08,-2.28,9.7,59.77,0
57.68,56.14,-3.78,3.72,45.86,0
86.13,91.18,9.82,4.86,62.94,0
73.1,71.56,-4.68,10.75,48.03,0
63.67,81.5,4.41,7.06,55.76,0
84.28,64.04,-3.35,14.36,50.82,0
67.35,70.8,-2.76,10.0,52.55,0
68.85,67.16,6.18,6.05,52.93,0
72.52,41.24,-2.28,7.96,53.26,0
64.78,87.64,-2.43,8.25,55.24,0
77.27,92.89,6.8,5.09,52.36,0
81.71,66.97,9.58,4.35,61.71,0
20.9,30.0,3.87,10.81,13.97,1
80.33,76.56,-3.93,11.38,52.13,0
50.69,68.59,-3.06,10.42,47.79,0
68.3,69.57,0.48,14.06,49.99,0
54.06,63.72,1.93,5.83,39.75,1
95.09,83.38,-5.93,14.7,64.37,0
84.2,92.82,4.34,4.4,57.15,0
55.33,64.2,0.51,3.95,45.8,0
75.0,57.18,-10.29,0.96,59.11,0
42.44,71.65,-5.57,6.22,33.17,1
57.29,70.7,-3.02,5.99,37.08,1
71.53,96.74,-0.44,10.1,37.6,1
81.08,61.07,11.34,8.98,61.63,0
92.02,78.42,1.43,3.23,64.84,0
68.14,45.9,-5.04,6.43,52.89,0
69.5,79.75,1.32,6.51,60.76,0
73.07,64.34,-2.11,0.9,57.42,0
58.86,81.85,1.95,4.08,64.3,0
68.33,60.74,3.48,4.92,64.95,0
81.31,53.63,7.26,13.73,57.69,0
78.77,67.76,-0.15,8.77,49.38,0
74.85,54.28,9.83,10.65,62.09,0
79.77,81.95,5.45,2.01,55.63,0
77.18,44.41,-4.24,12.78,51.95,0
82.42,77.08,13.26,13.2,63.5,0
73.82,40.29,1.96,0.01,44.13,0
42.03,52.4,-5.01,5.18,43.03,0
66.3,83.51,9.92,9.98,58.46,0
44.46,62.01,12.47,10.58,45.73,0
